level_id,Level,session_id,startDate,usedBoost,Result,endDate
1,0,0,"2020-01-02 16:32:43",False,Success,"2020-01-02 16:34:11"
2,0,1,"2020-01-02 02:58:31",False,Success,"2020-01-02 02:59:12"
3,0,2,"2020-01-03 04:48:12",False,Success,"2020-01-03 04:48:47"
4,0,3,"2020-01-03 22:16:48",False,Success,"2020-01-03 22:18:27"
5,0,4,"2020-01-04 11:34:55",True,Success,"2020-01-04 11:35:39"
6,0,5,"2020-01-04 09:55:58",False,Success,"2020-01-04 09:56:52"
7,1,6,"2020-01-05 01:55:35",False,Success,"2020-01-05 01:57:20"
8,0,7,"2020-01-05 13:23:46",False,Success,"2020-01-05 13:25:22"
9,0,8,"2020-01-05 03:09:51",False,Success,"2020-01-05 03:10:20"
10,1,9,"2020-01-06 13:31:20",False,Fail,"2020-01-06 13:31:58"
11,1,9,"2020-01-06 13:31:58",False,Abandon,"2020-01-06 13:32:16"
12,1,10,"2020-01-06 16:09:28",True,Abandon,"2020-01-06 16:09:55"
13,1,11,"2020-01-07 04:13:44",False,Abandon,"2020-01-07 04:13:55"
14,2,12,"2020-01-08 07:04:20",False,Fail,"2020-01-08 07:06:14"
15,2,12,"2020-01-08 07:06:14",False,Success,"2020-01-08 07:07:02"
16,1,13,"2020-01-08 02:46:21",True,Abandon,"2020-01-08 02:46:28"
17,1,14,"2020-01-08 05:07:36",False,Abandon,"2020-01-08 05:07:44"
18,0,15,"2020-01-08 20:54:11",False,Success,"2020-01-08 20:55:23"
19,0,16,"2020-01-08 04:47:41",False,Success,"2020-01-08 04:48:14"
20,0,17,"2020-01-08 02:31:02",False,Success,"2020-01-08 02:31:52"
21,0,18,"2020-01-08 14:09:55",False,Success,"2020-01-08 14:11:41"
22,0,19,"2020-01-08 16:52:46",False,Abandon,"2020-01-08 16:53:17"
23,0,20,"2020-01-08 23:39:47",False,Success,"2020-01-08 23:40:37"
24,0,21,"2020-01-08 22:08:23",False,Success,"2020-01-08 22:08:23"
25,0,22,"2020-01-08 18:29:48",False,Success,"2020-01-08 18:30:11"
26,0,23,"2020-01-08 11:56:35",False,Abandon,"2020-01-08 11:56:37"
27,0,24,"2020-01-08 20:33:32",False,Success,"2020-01-08 20:35:09"
28,0,25,"2020-01-08 19:31:42",False,Success,"2020-01-08 19:32:29"
29,0,26,"2020-01-08 10:38:22",False,Success,"2020-01-08 10:39:35"
30,0,27,"2020-01-08 04:27:48",False,Success,"2020-01-08 04:28:12"
31,0,28,"2020-01-08 11:38:28",False,Success,"2020-01-08 11:38:50"
32,0,29,"2020-01-08 04:20:07",False,Abandon,"2020-01-08 04:21:01"
33,0,30,"2020-01-08 21:59:46",False,Success,"2020-01-08 22:01:40"
34,0,31,"2020-01-08 23:43:23",False,Success,"2020-01-08 23:45:21"
35,1,32,"2020-01-09 02:07:39",False,Success,"2020-01-09 02:08:36"
36,3,33,"2020-01-09 17:43:49",False,Fail,"2020-01-09 17:44:13"
37,3,33,"2020-01-09 17:44:13",False,Fail,"2020-01-09 17:45:54"
38,3,33,"2020-01-09 17:45:54",False,Fail,"2020-01-09 17:46:31"
39,3,33,"2020-01-09 17:46:31",False,Success,"2020-01-09 17:48:00"
40,1,34,"2020-01-09 01:55:58",True,Abandon,"2020-01-09 01:56:02"
41,1,35,"2020-01-09 09:39:15",False,Abandon,"2020-01-09 09:39:56"
42,1,36,"2020-01-09 10:50:48",True,Abandon,"2020-01-09 10:51:01"
43,1,37,"2020-01-09 06:00:04",False,Abandon,"2020-01-09 06:00:39"
44,1,38,"2020-01-09 18:35:49",False,Success,"2020-01-09 18:36:24"
45,1,39,"2020-01-09 17:20:38",False,Success,"2020-01-09 17:22:07"
46,0,40,"2020-01-09 16:11:49",False,Success,"2020-01-09 16:13:16"
47,0,41,"2020-01-09 07:48:36",False,Success,"2020-01-09 07:49:32"
48,0,42,"2020-01-09 07:41:54",False,Success,"2020-01-09 07:42:24"
49,0,43,"2020-01-09 17:15:16",False,Success,"2020-01-09 17:16:47"
50,0,44,"2020-01-09 02:12:05",False,Success,"2020-01-09 02:13:21"
51,0,45,"2020-01-09 18:41:10",False,Success,"2020-01-09 18:41:12"
52,0,46,"2020-01-09 12:21:21",False,Success,"2020-01-09 12:23:13"
53,0,47,"2020-01-09 16:59:03",False,Success,"2020-01-09 17:00:38"
54,0,48,"2020-01-09 03:55:45",False,Success,"2020-01-09 03:57:06"
55,0,49,"2020-01-09 03:04:23",False,Success,"2020-01-09 03:04:49"
56,0,50,"2020-01-09 14:07:22",False,Success,"2020-01-09 14:08:53"
57,0,51,"2020-01-09 18:50:21",False,Success,"2020-01-09 18:51:15"
58,0,52,"2020-01-09 12:47:38",False,Success,"2020-01-09 12:48:09"
59,0,53,"2020-01-09 22:40:00",False,Success,"2020-01-09 22:40:42"
60,0,54,"2020-01-09 18:21:28",False,Success,"2020-01-09 18:22:27"
61,0,55,"2020-01-09 06:19:48",False,Success,"2020-01-09 06:20:10"
62,0,56,"2020-01-09 09:33:48",False,Success,"2020-01-09 09:34:21"
63,0,57,"2020-01-09 12:43:12",False,Success,"2020-01-09 12:43:36"
64,0,58,"2020-01-09 19:03:38",False,Success,"2020-01-09 19:03:54"
65,0,59,"2020-01-09 13:32:18",False,Success,"2020-01-09 13:33:37"
66,1,60,"2020-01-09 17:22:51",True,Abandon,"2020-01-09 17:23:00"
67,1,61,"2020-01-09 07:28:41",False,Success,"2020-01-09 07:29:59"
68,1,62,"2020-01-09 10:23:08",False,Success,"2020-01-09 10:24:38"
69,4,63,"2020-01-10 09:12:22",False,Fail,"2020-01-10 09:13:26"
70,4,63,"2020-01-10 09:13:26",False,Success,"2020-01-10 09:14:06"
71,1,64,"2020-01-10 19:33:30",False,Abandon,"2020-01-10 19:33:56"
72,1,65,"2020-01-10 05:22:46",False,Abandon,"2020-01-10 05:23:43"
73,1,66,"2020-01-10 09:02:21",True,Abandon,"2020-01-10 09:02:23"
74,1,67,"2020-01-10 00:33:53",False,Success,"2020-01-10 00:34:33"
75,1,68,"2020-01-10 07:20:06",False,Fail,"2020-01-10 07:21:49"
76,1,68,"2020-01-10 07:21:49",False,Abandon,"2020-01-10 07:22:06"
77,1,69,"2020-01-10 05:49:31",False,Abandon,"2020-01-10 05:49:49"
78,1,70,"2020-01-10 07:12:03",False,Success,"2020-01-10 07:12:45"
79,2,71,"2020-01-10 07:40:00",False,Success,"2020-01-10 07:41:38"
80,1,72,"2020-01-10 02:28:08",False,Success,"2020-01-10 02:28:46"
81,1,73,"2020-01-10 10:00:54",False,Abandon,"2020-01-10 10:01:35"
82,1,74,"2020-01-10 23:40:10",False,Success,"2020-01-10 23:41:39"
83,1,75,"2020-01-10 00:33:23",False,Abandon,"2020-01-10 00:34:06"
84,1,76,"2020-01-10 06:04:05",False,Abandon,"2020-01-10 06:04:13"
85,1,77,"2020-01-10 10:06:51",False,Abandon,"2020-01-10 10:07:05"
86,1,78,"2020-01-10 21:46:55",False,Success,"2020-01-10 21:47:17"
87,1,79,"2020-01-10 22:26:59",False,Success,"2020-01-10 22:28:05"
88,1,80,"2020-01-10 09:38:01",False,Success,"2020-01-10 09:39:21"
89,0,81,"2020-01-10 03:19:05",False,Abandon,"2020-01-10 03:19:37"
90,0,82,"2020-01-10 15:18:15",False,Success,"2020-01-10 15:18:21"
91,0,83,"2020-01-10 23:41:22",False,Success,"2020-01-10 23:43:03"
92,0,84,"2020-01-10 06:59:34",False,Success,"2020-01-10 07:00:06"
93,0,85,"2020-01-10 20:02:47",False,Success,"2020-01-10 20:04:06"
94,0,86,"2020-01-10 03:37:20",False,Success,"2020-01-10 03:38:46"
95,0,87,"2020-01-10 08:16:13",False,Success,"2020-01-10 08:16:40"
96,0,88,"2020-01-10 21:15:52",False,Success,"2020-01-10 21:16:22"
97,0,89,"2020-01-10 05:40:57",False,Success,"2020-01-10 05:41:50"
98,0,90,"2020-01-10 11:36:31",False,Success,"2020-01-10 11:37:50"
99,0,91,"2020-01-10 08:32:41",False,Success,"2020-01-10 08:33:47"
100,0,92,"2020-01-10 13:32:27",False,Abandon,"2020-01-10 13:32:48"
101,0,93,"2020-01-10 19:08:38",False,Success,"2020-01-10 19:09:49"
102,0,94,"2020-01-10 10:10:54",False,Success,"2020-01-10 10:12:48"
103,0,95,"2020-01-10 09:40:49",False,Success,"2020-01-10 09:41:40"
104,0,96,"2020-01-10 13:32:25",False,Success,"2020-01-10 13:33:39"
105,0,97,"2020-01-10 07:23:48",False,Abandon,"2020-01-10 07:24:06"
106,0,98,"2020-01-10 06:13:32",False,Success,"2020-01-10 06:14:00"
107,0,99,"2020-01-10 11:17:07",False,Success,"2020-01-10 11:17:47"
108,0,100,"2020-01-10 15:50:11",False,Success,"2020-01-10 15:52:01"
109,5,101,"2020-01-10 12:30:38",False,Fail,"2020-01-10 12:31:03"
110,5,101,"2020-01-10 12:31:03",False,Fail,"2020-01-10 12:32:15"
111,5,101,"2020-01-10 12:32:15",False,Success,"2020-01-10 12:32:34"
112,3,102,"2020-01-10 05:29:00",False,Fail,"2020-01-10 05:30:29"
113,3,102,"2020-01-10 05:30:29",False,Success,"2020-01-10 05:31:22"
114,1,103,"2020-01-11 18:29:09",False,Success,"2020-01-11 18:29:55"
115,1,104,"2020-01-11 08:48:50",True,Success,"2020-01-11 08:49:44"
116,1,105,"2020-01-11 10:29:35",False,Success,"2020-01-11 10:30:46"
117,2,106,"2020-01-11 07:40:49",False,Fail,"2020-01-11 07:41:58"
118,2,106,"2020-01-11 07:41:58",False,Success,"2020-01-11 07:43:22"
119,1,107,"2020-01-11 04:02:54",False,Fail,"2020-01-11 04:03:39"
120,1,107,"2020-01-11 04:03:39",False,Abandon,"2020-01-11 04:03:44"
121,2,108,"2020-01-11 22:17:27",False,Success,"2020-01-11 22:18:07"
122,4,109,"2020-01-11 01:47:36",False,Fail,"2020-01-11 01:47:38"
123,4,109,"2020-01-11 01:47:38",False,Success,"2020-01-11 01:48:53"
124,1,110,"2020-01-11 07:53:57",False,Abandon,"2020-01-11 07:53:57"
125,1,111,"2020-01-11 08:50:07",False,Success,"2020-01-11 08:50:15"
126,2,112,"2020-01-11 03:31:15",False,Fail,"2020-01-11 03:32:29"
127,2,112,"2020-01-11 03:32:29",False,Success,"2020-01-11 03:33:26"
128,1,113,"2020-01-11 04:31:14",False,Fail,"2020-01-11 04:32:09"
129,1,113,"2020-01-11 04:32:09",False,Abandon,"2020-01-11 04:32:36"
130,2,114,"2020-01-11 16:16:35",False,Fail,"2020-01-11 16:16:42"
131,2,114,"2020-01-11 16:16:42",False,Success,"2020-01-11 16:16:56"
132,1,115,"2020-01-11 09:56:43",False,Success,"2020-01-11 09:58:30"
133,1,116,"2020-01-11 19:53:12",False,Abandon,"2020-01-11 19:53:40"
134,2,117,"2020-01-11 08:43:15",False,Fail,"2020-01-11 08:44:29"
135,2,117,"2020-01-11 08:44:29",False,Success,"2020-01-11 08:45:59"
136,1,118,"2020-01-11 09:23:19",False,Abandon,"2020-01-11 09:23:29"
137,1,119,"2020-01-11 14:03:34",False,Success,"2020-01-11 14:04:44"
138,0,120,"2020-01-11 14:49:43",False,Abandon,"2020-01-11 14:49:45"
139,0,121,"2020-01-11 02:50:15",True,Abandon,"2020-01-11 02:50:47"
140,0,122,"2020-01-11 17:43:33",False,Success,"2020-01-11 17:44:17"
141,2,123,"2020-01-11 17:47:57",False,Abandon,"2020-01-11 17:48:42"
142,1,124,"2020-01-12 13:03:24",False,Abandon,"2020-01-12 13:03:59"
143,1,125,"2020-01-12 16:25:32",False,Success,"2020-01-12 16:26:51"
144,3,126,"2020-01-12 02:26:51",False,Fail,"2020-01-12 02:27:28"
145,3,126,"2020-01-12 02:27:28",False,Fail,"2020-01-12 02:27:40"
146,3,126,"2020-01-12 02:27:40",False,Fail,"2020-01-12 02:27:55"
147,3,126,"2020-01-12 02:27:55",False,Success,"2020-01-12 02:28:49"
148,1,127,"2020-01-12 14:52:38",False,Success,"2020-01-12 14:54:14"
149,2,128,"2020-01-12 18:59:09",False,Success,"2020-01-12 19:00:23"
150,3,129,"2020-01-12 22:09:44",False,Success,"2020-01-12 22:10:54"
151,3,130,"2020-01-12 19:00:03",False,Success,"2020-01-12 19:01:05"
152,1,131,"2020-01-12 16:11:26",False,Fail,"2020-01-12 16:12:10"
153,1,131,"2020-01-12 16:12:10",False,Success,"2020-01-12 16:13:48"
154,1,132,"2020-01-12 17:48:23",False,Success,"2020-01-12 17:49:40"
155,1,133,"2020-01-12 08:24:33",False,Fail,"2020-01-12 08:25:19"
156,1,133,"2020-01-12 08:25:19",False,Success,"2020-01-12 08:26:05"
157,1,134,"2020-01-12 02:02:25",False,Abandon,"2020-01-12 02:02:47"
158,1,135,"2020-01-12 04:19:57",False,Abandon,"2020-01-12 04:20:27"
159,0,136,"2020-01-12 20:18:03",False,Success,"2020-01-12 20:19:49"
160,0,137,"2020-01-12 18:17:40",False,Success,"2020-01-12 18:19:31"
161,2,138,"2020-01-12 03:04:27",False,Fail,"2020-01-12 03:05:45"
162,2,138,"2020-01-12 03:05:45",False,Success,"2020-01-12 03:07:14"
163,2,139,"2020-01-13 00:05:57",False,Fail,"2020-01-13 00:06:24"
164,2,139,"2020-01-13 00:06:24",False,Success,"2020-01-13 00:07:19"
165,1,140,"2020-01-13 13:41:44",False,Abandon,"2020-01-13 13:41:53"
166,1,141,"2020-01-13 04:24:06",False,Success,"2020-01-13 04:24:33"
167,2,142,"2020-01-13 15:51:20",False,Success,"2020-01-13 15:52:11"
168,1,143,"2020-01-13 08:39:05",False,Success,"2020-01-13 08:39:56"
169,1,144,"2020-01-13 03:37:43",False,Success,"2020-01-13 03:38:36"
170,4,145,"2020-01-13 09:30:30",False,Fail,"2020-01-13 09:30:51"
171,4,145,"2020-01-13 09:30:51",False,Success,"2020-01-13 09:32:04"
172,5,146,"2020-01-13 18:11:56",False,Fail,"2020-01-13 18:12:14"
173,5,146,"2020-01-13 18:12:14",False,Success,"2020-01-13 18:13:59"
174,3,147,"2020-01-13 23:22:29",False,Abandon,"2020-01-13 23:23:27"
175,4,148,"2020-01-13 19:06:42",False,Fail,"2020-01-13 19:07:08"
176,4,148,"2020-01-13 19:07:08",False,Fail,"2020-01-13 19:09:04"
177,4,148,"2020-01-13 19:09:04",False,Success,"2020-01-13 19:10:07"
178,1,149,"2020-01-13 21:08:53",False,Abandon,"2020-01-13 21:09:34"
179,2,150,"2020-01-13 12:55:05",False,Success,"2020-01-13 12:56:37"
180,4,151,"2020-01-13 15:54:55",False,Fail,"2020-01-13 15:55:32"
181,4,151,"2020-01-13 15:55:32",False,Fail,"2020-01-13 15:57:15"
182,4,151,"2020-01-13 15:57:15",False,Success,"2020-01-13 15:57:45"
183,1,152,"2020-01-13 12:11:28",False,Fail,"2020-01-13 12:11:54"
184,1,152,"2020-01-13 12:11:54",False,Fail,"2020-01-13 12:12:30"
185,1,152,"2020-01-13 12:12:30",False,Abandon,"2020-01-13 12:12:56"
186,2,153,"2020-01-13 14:06:38",False,Fail,"2020-01-13 14:08:07"
187,2,153,"2020-01-13 14:08:07",False,Fail,"2020-01-13 14:09:58"
188,2,153,"2020-01-13 14:09:58",False,Success,"2020-01-13 14:10:41"
189,2,154,"2020-01-13 08:12:32",False,Success,"2020-01-13 08:13:27"
190,1,155,"2020-01-13 20:41:52",False,Success,"2020-01-13 20:43:00"
191,1,156,"2020-01-13 02:53:45",False,Fail,"2020-01-13 02:53:46"
192,1,156,"2020-01-13 02:53:46",False,Success,"2020-01-13 02:55:28"
193,1,157,"2020-01-13 08:15:46",False,Success,"2020-01-13 08:15:55"
194,2,158,"2020-01-13 17:18:34",False,Fail,"2020-01-13 17:18:48"
195,2,158,"2020-01-13 17:18:48",False,Success,"2020-01-13 17:20:11"
196,2,159,"2020-01-13 11:14:08",False,Fail,"2020-01-13 11:15:21"
197,2,159,"2020-01-13 11:15:21",False,Success,"2020-01-13 11:15:58"
198,1,160,"2020-01-13 07:36:14",False,Success,"2020-01-13 07:37:11"
199,1,161,"2020-01-13 16:15:18",False,Abandon,"2020-01-13 16:15:52"
200,1,162,"2020-01-13 16:29:15",False,Success,"2020-01-13 16:30:53"
201,0,163,"2020-01-13 05:20:38",False,Abandon,"2020-01-13 05:21:25"
202,0,164,"2020-01-13 01:56:48",False,Success,"2020-01-13 01:57:24"
203,0,165,"2020-01-13 14:37:39",False,Success,"2020-01-13 14:38:59"
204,5,166,"2020-01-13 11:35:11",False,Success,"2020-01-13 11:36:00"
205,6,167,"2020-01-14 12:27:36",False,Fail,"2020-01-14 12:29:02"
206,6,167,"2020-01-14 12:29:02",False,Fail,"2020-01-14 12:30:04"
207,6,167,"2020-01-14 12:30:04",False,Fail,"2020-01-14 12:32:03"
208,6,167,"2020-01-14 12:32:03",False,Success,"2020-01-14 12:32:43"
209,2,168,"2020-01-14 20:54:00",False,Fail,"2020-01-14 20:55:16"
210,2,168,"2020-01-14 20:55:16",False,Success,"2020-01-14 20:55:25"
211,3,169,"2020-01-14 08:01:22",False,Success,"2020-01-14 08:02:42"
212,1,170,"2020-01-14 04:05:04",False,Success,"2020-01-14 04:05:27"
213,3,171,"2020-01-14 13:49:42",False,Success,"2020-01-14 13:50:24"
214,2,172,"2020-01-14 18:37:01",False,Success,"2020-01-14 18:37:56"
215,6,173,"2020-01-14 04:30:12",False,Fail,"2020-01-14 04:31:10"
216,6,173,"2020-01-14 04:31:10",False,Success,"2020-01-14 04:32:37"
217,3,174,"2020-01-14 19:21:42",False,Fail,"2020-01-14 19:22:57"
218,3,174,"2020-01-14 19:22:57",False,Fail,"2020-01-14 19:24:40"
219,3,174,"2020-01-14 19:24:40",False,Success,"2020-01-14 19:25:25"
220,5,175,"2020-01-14 03:40:49",False,Fail,"2020-01-14 03:42:03"
221,5,175,"2020-01-14 03:42:03",False,Fail,"2020-01-14 03:42:51"
222,5,175,"2020-01-14 03:42:51",False,Fail,"2020-01-14 03:43:41"
223,5,175,"2020-01-14 03:43:41",False,Fail,"2020-01-14 03:44:24"
224,5,175,"2020-01-14 03:44:24",False,Success,"2020-01-14 03:45:34"
225,1,176,"2020-01-14 01:26:33",False,Fail,"2020-01-14 01:27:35"
226,1,176,"2020-01-14 01:27:35",False,Abandon,"2020-01-14 01:28:30"
227,3,177,"2020-01-14 16:17:52",False,Fail,"2020-01-14 16:19:25"
228,3,177,"2020-01-14 16:19:25",False,Fail,"2020-01-14 16:20:29"
229,3,177,"2020-01-14 16:20:29",False,Fail,"2020-01-14 16:21:11"
230,3,177,"2020-01-14 16:21:11",False,Fail,"2020-01-14 16:21:46"
231,3,177,"2020-01-14 16:21:46",False,Success,"2020-01-14 16:22:32"
232,2,178,"2020-01-14 21:15:43",False,Fail,"2020-01-14 21:17:19"
233,2,178,"2020-01-14 21:17:19",False,Abandon,"2020-01-14 21:18:01"
234,1,179,"2020-01-14 23:33:41",False,Success,"2020-01-14 23:34:55"
235,1,180,"2020-01-14 21:44:48",False,Success,"2020-01-14 21:46:10"
236,3,181,"2020-01-14 05:36:10",False,Fail,"2020-01-14 05:36:43"
237,3,181,"2020-01-14 05:36:43",False,Success,"2020-01-14 05:37:59"
238,3,182,"2020-01-14 08:56:44",False,Fail,"2020-01-14 08:58:31"
239,3,182,"2020-01-14 08:58:31",False,Fail,"2020-01-14 08:58:50"
240,3,182,"2020-01-14 08:58:50",False,Success,"2020-01-14 09:00:31"
241,1,183,"2020-01-14 16:06:34",False,Success,"2020-01-14 16:08:26"
242,2,184,"2020-01-14 17:28:22",False,Fail,"2020-01-14 17:29:49"
243,2,184,"2020-01-14 17:29:49",False,Success,"2020-01-14 17:30:19"
244,1,185,"2020-01-14 19:12:33",False,Success,"2020-01-14 19:13:17"
245,2,186,"2020-01-14 21:57:48",False,Success,"2020-01-14 21:58:32"
246,1,187,"2020-01-14 02:06:23",False,Success,"2020-01-14 02:06:58"
247,1,188,"2020-01-14 02:38:40",False,Abandon,"2020-01-14 02:39:11"
248,1,189,"2020-01-14 21:43:29",False,Abandon,"2020-01-14 21:43:36"
249,2,190,"2020-01-14 03:12:14",False,Fail,"2020-01-14 03:12:54"
250,2,190,"2020-01-14 03:12:54",False,Success,"2020-01-14 03:13:56"
251,1,191,"2020-01-14 12:04:29",False,Abandon,"2020-01-14 12:04:53"
252,2,192,"2020-01-14 22:48:37",False,Fail,"2020-01-14 22:49:45"
253,2,192,"2020-01-14 22:49:45",False,Success,"2020-01-14 22:51:02"
254,1,193,"2020-01-15 03:12:05",False,Fail,"2020-01-15 03:12:53"
255,1,193,"2020-01-15 03:12:53",False,Abandon,"2020-01-15 03:13:26"
256,7,194,"2020-01-15 22:29:07",False,Success,"2020-01-15 22:29:51"
257,3,195,"2020-01-15 09:25:34",False,Fail,"2020-01-15 09:26:21"
258,3,195,"2020-01-15 09:26:21",False,Fail,"2020-01-15 09:27:16"
259,3,195,"2020-01-15 09:27:16",False,Abandon,"2020-01-15 09:27:44"
260,4,196,"2020-01-15 03:02:53",False,Fail,"2020-01-15 03:04:51"
261,4,196,"2020-01-15 03:04:51",False,Fail,"2020-01-15 03:04:54"
262,4,196,"2020-01-15 03:04:54",False,Success,"2020-01-15 03:05:01"
263,2,197,"2020-01-15 07:33:10",False,Success,"2020-01-15 07:33:12"
264,4,198,"2020-01-15 15:52:42",False,Success,"2020-01-15 15:53:28"
265,6,199,"2020-01-15 10:59:33",False,Fail,"2020-01-15 10:59:50"
266,6,199,"2020-01-15 10:59:50",False,Success,"2020-01-15 11:01:08"
267,4,200,"2020-01-15 12:52:11",False,Fail,"2020-01-15 12:53:58"
268,4,200,"2020-01-15 12:53:58",False,Fail,"2020-01-15 12:55:13"
269,4,200,"2020-01-15 12:55:13",False,Fail,"2020-01-15 12:56:00"
270,4,200,"2020-01-15 12:56:00",False,Success,"2020-01-15 12:56:22"
271,5,201,"2020-01-15 12:10:07",False,Success,"2020-01-15 12:12:01"
272,1,202,"2020-01-15 03:00:13",False,Success,"2020-01-15 03:00:59"
273,2,203,"2020-01-15 03:26:16",False,Fail,"2020-01-15 03:28:05"
274,2,203,"2020-01-15 03:28:05",False,Success,"2020-01-15 03:29:36"
275,1,204,"2020-01-15 16:25:23",False,Abandon,"2020-01-15 16:26:18"
276,3,205,"2020-01-15 17:48:44",False,Fail,"2020-01-15 17:48:55"
277,3,205,"2020-01-15 17:48:55",False,Success,"2020-01-15 17:49:43"
278,3,206,"2020-01-15 03:43:24",False,Success,"2020-01-15 03:44:58"
279,1,207,"2020-01-15 11:54:00",False,Success,"2020-01-15 11:54:24"
280,2,208,"2020-01-15 23:45:23",False,Fail,"2020-01-15 23:45:54"
281,2,208,"2020-01-15 23:45:54",False,Abandon,"2020-01-15 23:46:05"
282,5,209,"2020-01-15 19:19:31",False,Fail,"2020-01-15 19:19:50"
283,5,209,"2020-01-15 19:19:50",False,Success,"2020-01-15 19:20:57"
284,1,210,"2020-01-15 06:55:51",False,Success,"2020-01-15 06:56:21"
285,8,211,"2020-01-16 20:26:40",False,Fail,"2020-01-16 20:27:59"
286,8,211,"2020-01-16 20:27:59",False,Fail,"2020-01-16 20:28:19"
287,8,211,"2020-01-16 20:28:19",False,Fail,"2020-01-16 20:29:28"
288,8,211,"2020-01-16 20:29:28",False,Fail,"2020-01-16 20:31:15"
289,8,211,"2020-01-16 20:31:15",False,Success,"2020-01-16 20:31:58"
290,5,212,"2020-01-16 03:51:54",False,Fail,"2020-01-16 03:53:07"
291,5,212,"2020-01-16 03:53:07",False,Success,"2020-01-16 03:54:24"
292,1,213,"2020-01-16 06:47:52",False,Abandon,"2020-01-16 06:47:55"
293,4,214,"2020-01-16 06:07:37",False,Fail,"2020-01-16 06:09:12"
294,4,214,"2020-01-16 06:09:12",False,Abandon,"2020-01-16 06:09:38"
295,3,215,"2020-01-16 15:46:11",False,Success,"2020-01-16 15:47:01"
296,7,216,"2020-01-16 21:55:11",False,Success,"2020-01-16 21:55:42"
297,2,217,"2020-01-16 07:33:59",True,Success,"2020-01-16 07:35:05"
298,6,218,"2020-01-16 20:45:11",False,Success,"2020-01-16 20:45:33"
299,1,219,"2020-01-16 04:57:40",False,Abandon,"2020-01-16 04:58:02"
300,5,220,"2020-01-16 12:00:56",False,Fail,"2020-01-16 12:01:32"
301,5,220,"2020-01-16 12:01:32",False,Fail,"2020-01-16 12:02:49"
302,5,220,"2020-01-16 12:02:49",False,Fail,"2020-01-16 12:04:14"
303,5,220,"2020-01-16 12:04:14",False,Success,"2020-01-16 12:05:24"
304,1,221,"2020-01-16 12:17:32",False,Fail,"2020-01-16 12:19:14"
305,1,221,"2020-01-16 12:19:14",False,Abandon,"2020-01-16 12:20:01"
306,6,222,"2020-01-16 23:52:21",False,Fail,"2020-01-16 23:53:38"
307,6,222,"2020-01-16 23:53:38",False,Fail,"2020-01-16 23:53:55"
308,6,222,"2020-01-16 23:53:55",False,Fail,"2020-01-16 23:54:41"
309,6,222,"2020-01-16 23:54:41",False,Success,"2020-01-16 23:55:41"
310,2,223,"2020-01-16 01:31:51",False,Abandon,"2020-01-16 01:32:29"
311,2,224,"2020-01-16 17:41:12",False,Fail,"2020-01-16 17:42:43"
312,2,224,"2020-01-16 17:42:43",False,Success,"2020-01-16 17:42:43"
313,4,225,"2020-01-16 04:06:53",False,Fail,"2020-01-16 04:07:41"
314,4,225,"2020-01-16 04:07:41",False,Fail,"2020-01-16 04:07:59"
315,4,225,"2020-01-16 04:07:59",False,Fail,"2020-01-16 04:08:43"
316,4,225,"2020-01-16 04:08:43",False,Success,"2020-01-16 04:09:33"
317,3,226,"2020-01-16 14:10:19",False,Success,"2020-01-16 14:11:33"
318,2,227,"2020-01-16 11:22:17",False,Success,"2020-01-16 11:23:37"
319,4,228,"2020-01-16 18:38:34",False,Fail,"2020-01-16 18:39:05"
320,4,228,"2020-01-16 18:39:05",False,Success,"2020-01-16 18:39:36"
321,2,229,"2020-01-16 10:10:18",False,Success,"2020-01-16 10:10:41"
322,3,230,"2020-01-16 09:25:43",False,Fail,"2020-01-16 09:27:05"
323,3,230,"2020-01-16 09:27:05",False,Fail,"2020-01-16 09:27:47"
324,3,230,"2020-01-16 09:27:47",False,Success,"2020-01-16 09:28:03"
325,2,231,"2020-01-16 15:55:39",False,Success,"2020-01-16 15:55:53"
326,1,232,"2020-01-16 16:20:14",False,Success,"2020-01-16 16:22:00"
327,4,233,"2020-01-16 09:28:50",False,Success,"2020-01-16 09:29:23"
328,2,234,"2020-01-16 14:57:36",False,Fail,"2020-01-16 14:58:41"
329,2,234,"2020-01-16 14:58:41",False,Success,"2020-01-16 14:59:56"
330,2,235,"2020-01-16 04:36:23",False,Fail,"2020-01-16 04:37:20"
331,2,235,"2020-01-16 04:37:20",False,Success,"2020-01-16 04:38:13"
332,1,236,"2020-01-16 02:07:56",False,Abandon,"2020-01-16 02:08:47"
333,1,237,"2020-01-16 00:55:20",False,Success,"2020-01-16 00:56:36"
334,0,238,"2020-01-16 13:10:11",False,Success,"2020-01-16 13:11:36"
335,7,239,"2020-01-16 15:58:13",False,Fail,"2020-01-16 16:00:02"
336,7,239,"2020-01-16 16:00:02",False,Success,"2020-01-16 16:01:18"
337,8,240,"2020-01-16 19:57:43",False,Success,"2020-01-16 19:58:13"
338,3,241,"2020-01-16 00:55:46",False,Fail,"2020-01-16 00:56:23"
339,3,241,"2020-01-16 00:56:23",False,Fail,"2020-01-16 00:56:32"
340,3,241,"2020-01-16 00:56:32",False,Abandon,"2020-01-16 00:56:56"
341,2,242,"2020-01-17 11:22:11",False,Fail,"2020-01-17 11:24:10"
342,2,242,"2020-01-17 11:24:10",False,Abandon,"2020-01-17 11:24:31"
343,3,243,"2020-01-17 00:51:03",False,Fail,"2020-01-17 00:51:47"
344,3,243,"2020-01-17 00:51:47",False,Fail,"2020-01-17 00:53:23"
345,3,243,"2020-01-17 00:53:23",False,Abandon,"2020-01-17 00:54:02"
346,1,244,"2020-01-17 08:59:35",False,Abandon,"2020-01-17 08:59:38"
347,2,245,"2020-01-17 19:10:11",False,Success,"2020-01-17 19:12:04"
348,2,246,"2020-01-17 14:50:48",False,Fail,"2020-01-17 14:52:31"
349,2,246,"2020-01-17 14:52:31",False,Success,"2020-01-17 14:54:12"
350,3,247,"2020-01-17 10:36:01",True,Fail,"2020-01-17 10:36:21"
351,3,247,"2020-01-17 10:36:21",True,Fail,"2020-01-17 10:37:05"
352,3,247,"2020-01-17 10:37:05",True,Success,"2020-01-17 10:38:52"
353,3,248,"2020-01-17 08:59:10",False,Fail,"2020-01-17 08:59:57"
354,3,248,"2020-01-17 08:59:57",False,Success,"2020-01-17 09:00:31"
355,9,249,"2020-01-17 13:16:18",False,Fail,"2020-01-17 13:17:52"
356,9,249,"2020-01-17 13:17:52",False,Fail,"2020-01-17 13:18:01"
357,9,249,"2020-01-17 13:18:01",False,Success,"2020-01-17 13:18:42"
358,6,250,"2020-01-17 19:37:51",False,Fail,"2020-01-17 19:37:57"
359,6,250,"2020-01-17 19:37:57",False,Fail,"2020-01-17 19:38:37"
360,6,250,"2020-01-17 19:38:37",False,Success,"2020-01-17 19:40:20"
361,7,251,"2020-01-17 07:35:53",False,Fail,"2020-01-17 07:37:30"
362,7,251,"2020-01-17 07:37:30",False,Success,"2020-01-17 07:38:59"
363,1,252,"2020-01-17 14:40:03",False,Abandon,"2020-01-17 14:40:57"
364,2,253,"2020-01-17 17:12:01",False,Success,"2020-01-17 17:12:50"
365,2,254,"2020-01-17 07:58:05",False,Fail,"2020-01-17 07:59:03"
366,2,254,"2020-01-17 07:59:03",False,Abandon,"2020-01-17 07:59:08"
367,4,255,"2020-01-17 21:09:33",False,Fail,"2020-01-17 21:11:05"
368,4,255,"2020-01-17 21:11:05",False,Fail,"2020-01-17 21:12:49"
369,4,255,"2020-01-17 21:12:49",False,Abandon,"2020-01-17 21:13:35"
370,2,256,"2020-01-17 00:43:08",False,Success,"2020-01-17 00:43:24"
371,3,257,"2020-01-17 15:53:43",False,Fail,"2020-01-17 15:54:34"
372,3,257,"2020-01-17 15:54:34",False,Fail,"2020-01-17 15:56:02"
373,3,257,"2020-01-17 15:56:02",False,Success,"2020-01-17 15:57:03"
374,1,258,"2020-01-17 15:52:38",False,Success,"2020-01-17 15:53:51"
375,2,259,"2020-01-17 18:09:30",False,Success,"2020-01-17 18:09:50"
376,4,260,"2020-01-17 07:58:18",False,Success,"2020-01-17 07:58:31"
377,3,261,"2020-01-17 04:34:33",False,Abandon,"2020-01-17 04:34:57"
378,3,262,"2020-01-17 18:27:45",False,Fail,"2020-01-17 18:29:29"
379,3,262,"2020-01-17 18:29:29",False,Abandon,"2020-01-17 18:30:10"
380,4,263,"2020-01-17 13:26:07",False,Fail,"2020-01-17 13:26:39"
381,4,263,"2020-01-17 13:26:39",False,Success,"2020-01-17 13:27:51"
382,9,264,"2020-01-18 05:17:47",False,Fail,"2020-01-18 05:18:08"
383,9,264,"2020-01-18 05:18:08",False,Success,"2020-01-18 05:18:42"
384,3,265,"2020-01-18 15:23:09",False,Fail,"2020-01-18 15:23:44"
385,3,265,"2020-01-18 15:23:44",False,Fail,"2020-01-18 15:24:20"
386,3,265,"2020-01-18 15:24:20",False,Success,"2020-01-18 15:24:57"
387,8,266,"2020-01-18 05:39:30",False,Fail,"2020-01-18 05:41:24"
388,8,266,"2020-01-18 05:41:24",False,Success,"2020-01-18 05:41:53"
389,7,267,"2020-01-18 22:08:42",False,Fail,"2020-01-18 22:08:45"
390,7,267,"2020-01-18 22:08:45",False,Fail,"2020-01-18 22:09:01"
391,7,267,"2020-01-18 22:09:01",False,Success,"2020-01-18 22:09:44"
392,1,268,"2020-01-18 05:51:46",False,Abandon,"2020-01-18 05:52:25"
393,8,269,"2020-01-18 00:46:24",False,Success,"2020-01-18 00:46:36"
394,3,270,"2020-01-18 10:48:22",False,Fail,"2020-01-18 10:48:39"
395,3,270,"2020-01-18 10:48:39",False,Fail,"2020-01-18 10:49:47"
396,3,270,"2020-01-18 10:49:47",False,Success,"2020-01-18 10:51:34"
397,5,271,"2020-01-18 19:11:14",False,Fail,"2020-01-18 19:11:36"
398,5,271,"2020-01-18 19:11:36",False,Fail,"2020-01-18 19:11:40"
399,5,271,"2020-01-18 19:11:40",False,Fail,"2020-01-18 19:13:20"
400,5,271,"2020-01-18 19:13:20",False,Success,"2020-01-18 19:14:05"
401,4,272,"2020-01-18 15:07:12",False,Fail,"2020-01-18 15:08:35"
402,4,272,"2020-01-18 15:08:35",False,Success,"2020-01-18 15:08:58"
403,2,273,"2020-01-18 00:31:41",False,Success,"2020-01-18 00:33:38"
404,3,274,"2020-01-18 22:04:23",False,Fail,"2020-01-18 22:06:05"
405,3,274,"2020-01-18 22:06:05",False,Abandon,"2020-01-18 22:06:39"
406,3,275,"2020-01-18 17:25:30",False,Fail,"2020-01-18 17:26:38"
407,3,275,"2020-01-18 17:26:38",False,Success,"2020-01-18 17:27:29"
408,2,276,"2020-01-18 02:09:14",False,Success,"2020-01-18 02:09:55"
409,3,277,"2020-01-18 06:31:32",False,Fail,"2020-01-18 06:33:18"
410,3,277,"2020-01-18 06:33:18",False,Success,"2020-01-18 06:35:07"
411,2,278,"2020-01-18 23:49:07",False,Success,"2020-01-18 23:50:03"
412,0,279,"2020-01-18 03:49:05",False,Success,"2020-01-18 03:49:50"
413,0,280,"2020-01-18 12:55:06",False,Success,"2020-01-18 12:56:34"
414,0,281,"2020-01-18 00:02:33",False,Success,"2020-01-18 00:04:09"
415,0,282,"2020-01-18 23:56:52",False,Success,"2020-01-18 23:57:36"
416,0,283,"2020-01-18 03:50:22",False,Abandon,"2020-01-18 03:51:03"
417,0,284,"2020-01-18 16:35:30",False,Success,"2020-01-18 16:36:22"
418,0,285,"2020-01-18 17:16:18",False,Success,"2020-01-18 17:17:07"
419,0,286,"2020-01-18 21:29:18",False,Success,"2020-01-18 21:29:56"
420,0,287,"2020-01-18 18:48:53",False,Success,"2020-01-18 18:50:39"
421,0,288,"2020-01-18 00:53:47",False,Success,"2020-01-18 00:54:19"
422,0,289,"2020-01-18 13:33:29",False,Success,"2020-01-18 13:35:11"
423,0,290,"2020-01-18 19:24:04",False,Abandon,"2020-01-18 19:24:46"
424,0,291,"2020-01-18 06:44:29",False,Success,"2020-01-18 06:45:26"
425,0,292,"2020-01-18 05:43:17",False,Success,"2020-01-18 05:45:04"
426,0,293,"2020-01-18 22:39:02",False,Success,"2020-01-18 22:40:20"
427,0,294,"2020-01-18 13:22:07",False,Success,"2020-01-18 13:23:18"
428,0,295,"2020-01-18 14:33:34",False,Success,"2020-01-18 14:34:06"
429,0,296,"2020-01-18 22:32:49",False,Success,"2020-01-18 22:33:40"
430,0,297,"2020-01-18 14:48:00",False,Abandon,"2020-01-18 14:48:33"
431,0,298,"2020-01-18 19:01:44",False,Success,"2020-01-18 19:02:48"
432,0,299,"2020-01-18 19:34:39",False,Success,"2020-01-18 19:35:54"
433,0,300,"2020-01-18 16:50:41",False,Success,"2020-01-18 16:50:42"
434,0,301,"2020-01-18 13:07:26",False,Success,"2020-01-18 13:09:22"
435,0,302,"2020-01-18 03:13:56",False,Success,"2020-01-18 03:15:39"
436,0,303,"2020-01-18 10:34:15",False,Abandon,"2020-01-18 10:34:53"
437,0,304,"2020-01-18 06:38:45",False,Success,"2020-01-18 06:39:33"
438,0,305,"2020-01-18 00:37:14",False,Success,"2020-01-18 00:38:25"
439,0,306,"2020-01-18 18:04:56",False,Success,"2020-01-18 18:05:46"
440,0,307,"2020-01-18 04:59:36",False,Success,"2020-01-18 05:00:32"
441,0,308,"2020-01-18 14:42:53",False,Success,"2020-01-18 14:43:11"
442,0,309,"2020-01-18 17:45:25",False,Success,"2020-01-18 17:45:38"
443,0,310,"2020-01-18 09:03:36",False,Success,"2020-01-18 09:05:26"
444,0,311,"2020-01-18 07:59:23",False,Success,"2020-01-18 08:00:56"
445,0,312,"2020-01-18 23:27:16",False,Success,"2020-01-18 23:28:38"
446,0,313,"2020-01-18 15:44:31",False,Success,"2020-01-18 15:45:53"
447,0,314,"2020-01-18 18:55:18",False,Success,"2020-01-18 18:55:49"
448,0,315,"2020-01-18 22:11:32",False,Success,"2020-01-18 22:12:35"
449,0,316,"2020-01-18 17:15:07",False,Success,"2020-01-18 17:16:59"
450,0,317,"2020-01-18 18:40:43",False,Success,"2020-01-18 18:40:45"
451,0,318,"2020-01-18 23:51:12",False,Abandon,"2020-01-18 23:51:18"
452,0,319,"2020-01-18 07:05:09",False,Success,"2020-01-18 07:06:58"
453,0,320,"2020-01-18 03:35:45",False,Success,"2020-01-18 03:35:46"
454,0,321,"2020-01-18 15:58:03",False,Success,"2020-01-18 15:58:21"
455,0,322,"2020-01-18 01:22:24",False,Success,"2020-01-18 01:24:23"
456,0,323,"2020-01-18 08:31:04",False,Success,"2020-01-18 08:31:37"
457,0,324,"2020-01-18 15:43:36",False,Success,"2020-01-18 15:45:28"
458,0,325,"2020-01-18 23:35:09",False,Success,"2020-01-18 23:35:24"
459,0,326,"2020-01-18 20:22:40",False,Success,"2020-01-18 20:23:22"
460,0,327,"2020-01-18 23:44:34",False,Success,"2020-01-18 23:46:31"
461,0,328,"2020-01-18 03:54:05",False,Success,"2020-01-18 03:55:00"
462,5,329,"2020-01-18 20:45:48",False,Fail,"2020-01-18 20:45:50"
463,5,329,"2020-01-18 20:45:50",False,Success,"2020-01-18 20:46:17"
464,1,330,"2020-01-18 14:21:24",False,Success,"2020-01-18 14:22:30"
465,10,331,"2020-01-19 10:40:38",False,Fail,"2020-01-19 10:41:38"
466,10,331,"2020-01-19 10:41:38",False,Fail,"2020-01-19 10:43:01"
467,10,331,"2020-01-19 10:43:01",False,Success,"2020-01-19 10:44:54"
468,3,332,"2020-01-19 00:15:41",False,Fail,"2020-01-19 00:17:30"
469,3,332,"2020-01-19 00:17:30",False,Fail,"2020-01-19 00:18:32"
470,3,332,"2020-01-19 00:18:32",False,Fail,"2020-01-19 00:19:32"
471,3,332,"2020-01-19 00:19:32",False,Success,"2020-01-19 00:19:37"
472,6,333,"2020-01-19 10:26:11",False,Success,"2020-01-19 10:26:15"
473,1,334,"2020-01-19 04:52:18",False,Abandon,"2020-01-19 04:52:37"
474,4,335,"2020-01-19 17:47:09",False,Fail,"2020-01-19 17:47:49"
475,4,335,"2020-01-19 17:47:49",False,Fail,"2020-01-19 17:48:53"
476,4,335,"2020-01-19 17:48:53",False,Fail,"2020-01-19 17:49:05"
477,4,335,"2020-01-19 17:49:05",False,Success,"2020-01-19 17:49:29"
478,4,336,"2020-01-19 09:12:31",True,Fail,"2020-01-19 09:14:10"
479,4,336,"2020-01-19 09:14:10",True,Success,"2020-01-19 09:15:11"
480,8,337,"2020-01-19 13:43:03",False,Fail,"2020-01-19 13:43:16"
481,8,337,"2020-01-19 13:43:16",False,Fail,"2020-01-19 13:43:42"
482,8,337,"2020-01-19 13:43:42",False,Success,"2020-01-19 13:45:16"
483,9,338,"2020-01-19 21:05:06",False,Fail,"2020-01-19 21:05:31"
484,9,338,"2020-01-19 21:05:31",False,Success,"2020-01-19 21:05:47"
485,5,339,"2020-01-19 20:09:18",False,Fail,"2020-01-19 20:09:33"
486,5,339,"2020-01-19 20:09:33",False,Abandon,"2020-01-19 20:09:48"
487,3,340,"2020-01-19 00:09:22",False,Success,"2020-01-19 00:09:51"
488,2,341,"2020-01-19 02:26:19",False,Abandon,"2020-01-19 02:26:49"
489,5,342,"2020-01-19 22:22:07",False,Fail,"2020-01-19 22:24:00"
490,5,342,"2020-01-19 22:24:00",False,Success,"2020-01-19 22:24:07"
491,6,343,"2020-01-19 14:40:57",False,Success,"2020-01-19 14:42:53"
492,1,344,"2020-01-19 18:26:56",False,Success,"2020-01-19 18:28:19"
493,5,345,"2020-01-19 03:53:04",False,Fail,"2020-01-19 03:54:26"
494,5,345,"2020-01-19 03:54:26",False,Success,"2020-01-19 03:55:47"
495,3,346,"2020-01-19 07:09:01",False,Fail,"2020-01-19 07:10:37"
496,3,346,"2020-01-19 07:10:37",False,Fail,"2020-01-19 07:11:57"
497,3,346,"2020-01-19 07:11:57",False,Fail,"2020-01-19 07:13:51"
498,3,346,"2020-01-19 07:13:51",False,Success,"2020-01-19 07:14:42"
499,3,347,"2020-01-19 16:33:49",False,Fail,"2020-01-19 16:35:01"
500,3,347,"2020-01-19 16:35:01",False,Fail,"2020-01-19 16:36:09"
501,3,347,"2020-01-19 16:36:09",False,Abandon,"2020-01-19 16:36:10"
502,3,348,"2020-01-19 09:50:50",False,Fail,"2020-01-19 09:51:05"
503,3,348,"2020-01-19 09:51:05",False,Success,"2020-01-19 09:52:15"
504,1,349,"2020-01-19 13:38:51",False,Abandon,"2020-01-19 13:39:33"
505,1,350,"2020-01-19 05:02:09",False,Fail,"2020-01-19 05:02:23"
506,1,350,"2020-01-19 05:02:23",False,Success,"2020-01-19 05:03:40"
507,1,351,"2020-01-19 20:54:31",False,Fail,"2020-01-19 20:56:15"
508,1,351,"2020-01-19 20:56:15",False,Success,"2020-01-19 20:57:44"
509,1,352,"2020-01-19 05:52:37",False,Success,"2020-01-19 05:53:42"
510,1,353,"2020-01-19 11:38:04",False,Success,"2020-01-19 11:38:11"
511,1,354,"2020-01-19 15:49:21",False,Abandon,"2020-01-19 15:50:13"
512,1,355,"2020-01-19 20:05:58",False,Success,"2020-01-19 20:06:17"
513,1,356,"2020-01-19 02:58:06",False,Success,"2020-01-19 02:59:18"
514,1,357,"2020-01-19 00:12:41",False,Success,"2020-01-19 00:13:51"
515,0,358,"2020-01-19 15:29:52",False,Success,"2020-01-19 15:31:00"
516,10,359,"2020-01-19 23:15:12",False,Fail,"2020-01-19 23:15:37"
517,10,359,"2020-01-19 23:15:37",False,Success,"2020-01-19 23:15:53"
518,2,360,"2020-01-20 07:38:19",False,Success,"2020-01-20 07:39:07"
519,3,361,"2020-01-20 22:05:58",False,Fail,"2020-01-20 22:06:30"
520,3,361,"2020-01-20 22:06:30",False,Success,"2020-01-20 22:06:48"
521,6,362,"2020-01-20 10:13:01",True,Fail,"2020-01-20 10:13:58"
522,6,362,"2020-01-20 10:13:58",False,Fail,"2020-01-20 10:15:47"
523,6,362,"2020-01-20 10:15:47",False,Fail,"2020-01-20 10:17:26"
524,6,362,"2020-01-20 10:17:26",False,Success,"2020-01-20 10:18:25"
525,9,363,"2020-01-20 23:45:25",False,Fail,"2020-01-20 23:47:01"
526,9,363,"2020-01-20 23:47:01",False,Fail,"2020-01-20 23:47:48"
527,9,363,"2020-01-20 23:47:48",False,Success,"2020-01-20 23:47:53"
528,5,364,"2020-01-20 15:20:31",False,Fail,"2020-01-20 15:22:17"
529,5,364,"2020-01-20 15:22:17",False,Fail,"2020-01-20 15:23:56"
530,5,364,"2020-01-20 15:23:56",False,Fail,"2020-01-20 15:25:43"
531,5,364,"2020-01-20 15:25:43",False,Success,"2020-01-20 15:27:05"
532,10,365,"2020-01-20 12:10:14",False,Fail,"2020-01-20 12:12:01"
533,10,365,"2020-01-20 12:12:01",False,Fail,"2020-01-20 12:13:28"
534,10,365,"2020-01-20 12:13:28",False,Success,"2020-01-20 12:14:48"
535,3,366,"2020-01-20 01:35:30",False,Fail,"2020-01-20 01:36:48"
536,3,366,"2020-01-20 01:36:48",False,Fail,"2020-01-20 01:37:50"
537,3,366,"2020-01-20 01:37:50",False,Abandon,"2020-01-20 01:38:28"
538,6,367,"2020-01-20 16:50:32",False,Fail,"2020-01-20 16:52:12"
539,6,367,"2020-01-20 16:52:12",False,Fail,"2020-01-20 16:53:15"
540,6,367,"2020-01-20 16:53:15",False,Fail,"2020-01-20 16:54:03"
541,6,367,"2020-01-20 16:54:03",False,Fail,"2020-01-20 16:55:19"
542,6,367,"2020-01-20 16:55:19",False,Fail,"2020-01-20 16:56:57"
543,6,367,"2020-01-20 16:56:57",False,Fail,"2020-01-20 16:57:03"
544,6,367,"2020-01-20 16:57:03",False,Success,"2020-01-20 16:57:42"
545,4,368,"2020-01-20 06:29:05",False,Fail,"2020-01-20 06:29:19"
546,4,368,"2020-01-20 06:29:19",False,Success,"2020-01-20 06:30:05"
547,4,369,"2020-01-20 08:41:00",False,Fail,"2020-01-20 08:41:48"
548,4,369,"2020-01-20 08:41:48",False,Fail,"2020-01-20 08:43:04"
549,4,369,"2020-01-20 08:43:04",False,Success,"2020-01-20 08:44:35"
550,2,370,"2020-01-20 03:31:38",False,Success,"2020-01-20 03:32:30"
551,6,371,"2020-01-20 15:51:11",False,Success,"2020-01-20 15:52:23"
552,7,372,"2020-01-20 19:25:00",False,Fail,"2020-01-20 19:26:08"
553,7,372,"2020-01-20 19:26:08",False,Fail,"2020-01-20 19:27:21"
554,7,372,"2020-01-20 19:27:21",False,Fail,"2020-01-20 19:27:52"
555,7,372,"2020-01-20 19:27:52",False,Success,"2020-01-20 19:29:07"
556,3,373,"2020-01-20 23:06:21",False,Success,"2020-01-20 23:08:07"
557,3,374,"2020-01-20 06:38:25",False,Fail,"2020-01-20 06:39:17"
558,3,374,"2020-01-20 06:39:17",False,Fail,"2020-01-20 06:40:04"
559,3,374,"2020-01-20 06:40:04",False,Fail,"2020-01-20 06:41:00"
560,3,374,"2020-01-20 06:41:00",False,Abandon,"2020-01-20 06:41:44"
561,5,375,"2020-01-20 07:14:32",False,Fail,"2020-01-20 07:14:34"
562,5,375,"2020-01-20 07:14:34",False,Success,"2020-01-20 07:16:00"
563,3,376,"2020-01-20 21:41:48",False,Fail,"2020-01-20 21:42:58"
564,3,376,"2020-01-20 21:42:58",False,Fail,"2020-01-20 21:43:53"
565,3,376,"2020-01-20 21:43:53",False,Success,"2020-01-20 21:45:40"
566,1,377,"2020-01-20 02:22:12",False,Fail,"2020-01-20 02:23:25"
567,1,377,"2020-01-20 02:23:25",False,Abandon,"2020-01-20 02:24:00"
568,2,378,"2020-01-20 23:02:21",False,Fail,"2020-01-20 23:03:27"
569,2,378,"2020-01-20 23:03:27",False,Success,"2020-01-20 23:04:41"
570,2,379,"2020-01-20 11:34:44",False,Success,"2020-01-20 11:35:41"
571,2,380,"2020-01-20 20:10:52",False,Fail,"2020-01-20 20:11:42"
572,2,380,"2020-01-20 20:11:42",False,Success,"2020-01-20 20:11:58"
573,1,381,"2020-01-20 16:03:14",False,Success,"2020-01-20 16:04:12"
574,1,382,"2020-01-20 16:00:16",False,Success,"2020-01-20 16:01:54"
575,2,383,"2020-01-20 00:09:44",False,Success,"2020-01-20 00:10:23"
576,1,384,"2020-01-20 02:50:24",False,Success,"2020-01-20 02:51:02"
577,1,385,"2020-01-20 08:56:50",False,Success,"2020-01-20 08:58:19"
578,0,386,"2020-01-20 20:49:57",False,Success,"2020-01-20 20:51:24"
579,3,387,"2020-01-20 21:08:54",False,Success,"2020-01-20 21:10:22"
580,11,388,"2020-01-21 01:23:40",False,Fail,"2020-01-21 01:24:01"
581,11,388,"2020-01-21 01:24:01",False,Success,"2020-01-21 01:25:13"
582,2,389,"2020-01-21 01:27:12",True,Abandon,"2020-01-21 01:27:47"
583,7,390,"2020-01-21 16:09:03",False,Success,"2020-01-21 16:10:37"
584,3,391,"2020-01-21 01:07:32",False,Fail,"2020-01-21 01:08:31"
585,3,391,"2020-01-21 01:08:31",False,Fail,"2020-01-21 01:09:19"
586,3,391,"2020-01-21 01:09:19",False,Success,"2020-01-21 01:09:59"
587,3,392,"2020-01-21 17:53:44",False,Fail,"2020-01-21 17:55:40"
588,3,392,"2020-01-21 17:55:40",False,Fail,"2020-01-21 17:55:48"
589,3,392,"2020-01-21 17:55:48",False,Abandon,"2020-01-21 17:56:29"
590,4,393,"2020-01-21 11:21:55",False,Fail,"2020-01-21 11:22:58"
591,4,393,"2020-01-21 11:22:58",False,Success,"2020-01-21 11:24:14"
592,4,394,"2020-01-21 00:17:05",False,Fail,"2020-01-21 00:17:33"
593,4,394,"2020-01-21 00:17:33",False,Success,"2020-01-21 00:18:25"
594,5,395,"2020-01-21 01:09:20",False,Fail,"2020-01-21 01:11:03"
595,5,395,"2020-01-21 01:11:03",False,Success,"2020-01-21 01:12:39"
596,7,396,"2020-01-21 04:49:51",False,Fail,"2020-01-21 04:50:03"
597,7,396,"2020-01-21 04:50:03",False,Fail,"2020-01-21 04:50:17"
598,7,396,"2020-01-21 04:50:17",False,Fail,"2020-01-21 04:50:52"
599,7,396,"2020-01-21 04:50:52",False,Abandon,"2020-01-21 04:51:27"
600,11,397,"2020-01-21 12:15:08",False,Success,"2020-01-21 12:15:15"
601,9,398,"2020-01-21 11:36:29",False,Fail,"2020-01-21 11:37:56"
602,9,398,"2020-01-21 11:37:56",False,Success,"2020-01-21 11:38:05"
603,11,399,"2020-01-21 20:47:59",False,Success,"2020-01-21 20:49:19"
604,2,400,"2020-01-21 20:40:05",False,Abandon,"2020-01-21 20:40:15"
605,7,401,"2020-01-21 18:05:38",False,Fail,"2020-01-21 18:06:21"
606,7,401,"2020-01-21 18:06:21",False,Fail,"2020-01-21 18:07:54"
607,7,401,"2020-01-21 18:07:54",False,Fail,"2020-01-21 18:09:07"
608,7,401,"2020-01-21 18:09:07",False,Fail,"2020-01-21 18:09:11"
609,7,401,"2020-01-21 18:09:11",False,Fail,"2020-01-21 18:10:16"
610,7,401,"2020-01-21 18:10:16",False,Fail,"2020-01-21 18:11:59"
611,7,401,"2020-01-21 18:11:59",False,Fail,"2020-01-21 18:13:49"
612,7,401,"2020-01-21 18:13:49",False,Success,"2020-01-21 18:15:37"
613,5,402,"2020-01-21 02:18:09",False,Fail,"2020-01-21 02:19:36"
614,5,402,"2020-01-21 02:19:36",False,Success,"2020-01-21 02:20:24"
615,3,403,"2020-01-21 07:30:52",False,Fail,"2020-01-21 07:31:00"
616,3,403,"2020-01-21 07:31:00",False,Fail,"2020-01-21 07:32:46"
617,3,403,"2020-01-21 07:32:46",False,Fail,"2020-01-21 07:34:25"
618,3,403,"2020-01-21 07:34:25",False,Success,"2020-01-21 07:35:21"
619,5,404,"2020-01-21 12:07:18",False,Fail,"2020-01-21 12:08:54"
620,5,404,"2020-01-21 12:08:54",False,Fail,"2020-01-21 12:09:58"
621,5,404,"2020-01-21 12:09:58",False,Success,"2020-01-21 12:11:22"
622,8,405,"2020-01-21 04:34:06",False,Success,"2020-01-21 04:35:48"
623,4,406,"2020-01-21 18:56:07",False,Success,"2020-01-21 18:56:23"
624,3,407,"2020-01-21 13:55:56",False,Fail,"2020-01-21 13:57:48"
625,3,407,"2020-01-21 13:57:48",False,Abandon,"2020-01-21 13:58:36"
626,6,408,"2020-01-21 09:01:36",False,Fail,"2020-01-21 09:02:04"
627,6,408,"2020-01-21 09:02:04",False,Success,"2020-01-21 09:02:47"
628,4,409,"2020-01-21 18:36:51",False,Fail,"2020-01-21 18:36:52"
629,4,409,"2020-01-21 18:36:52",False,Success,"2020-01-21 18:37:56"
630,3,410,"2020-01-21 15:21:39",False,Fail,"2020-01-21 15:22:19"
631,3,410,"2020-01-21 15:22:19",False,Fail,"2020-01-21 15:23:25"
632,3,410,"2020-01-21 15:23:25",False,Success,"2020-01-21 15:24:46"
633,6,411,"2020-01-21 16:11:13",False,Fail,"2020-01-21 16:13:03"
634,6,411,"2020-01-21 16:13:03",False,Fail,"2020-01-21 16:14:59"
635,6,411,"2020-01-21 16:14:59",False,Fail,"2020-01-21 16:15:31"
636,6,411,"2020-01-21 16:15:31",False,Success,"2020-01-21 16:16:48"
637,4,412,"2020-01-21 01:34:53",False,Fail,"2020-01-21 01:35:40"
638,4,412,"2020-01-21 01:35:40",False,Fail,"2020-01-21 01:36:26"
639,4,412,"2020-01-21 01:36:26",False,Success,"2020-01-21 01:36:32"
640,4,413,"2020-01-21 07:29:50",False,Fail,"2020-01-21 07:31:21"
641,4,413,"2020-01-21 07:31:21",False,Fail,"2020-01-21 07:31:48"
642,4,413,"2020-01-21 07:31:48",False,Fail,"2020-01-21 07:32:10"
643,4,413,"2020-01-21 07:32:10",False,Abandon,"2020-01-21 07:32:40"
644,4,414,"2020-01-21 11:33:03",False,Abandon,"2020-01-21 11:33:24"
645,1,415,"2020-01-21 16:53:05",False,Success,"2020-01-21 16:53:53"
646,1,416,"2020-01-21 02:05:24",False,Success,"2020-01-21 02:06:03"
647,1,417,"2020-01-21 08:37:41",False,Abandon,"2020-01-21 08:37:52"
648,4,418,"2020-01-21 00:31:08",False,Fail,"2020-01-21 00:32:14"
649,4,418,"2020-01-21 00:32:14",False,Fail,"2020-01-21 00:32:21"
650,4,418,"2020-01-21 00:32:21",False,Success,"2020-01-21 00:32:55"
651,1,419,"2020-01-21 11:26:43",False,Abandon,"2020-01-21 11:27:29"
652,3,420,"2020-01-21 14:54:14",False,Fail,"2020-01-21 14:55:54"
653,3,420,"2020-01-21 14:55:54",False,Fail,"2020-01-21 14:56:25"
654,3,420,"2020-01-21 14:56:25",False,Success,"2020-01-21 14:57:58"
655,1,421,"2020-01-21 21:12:37",False,Abandon,"2020-01-21 21:13:11"
656,2,422,"2020-01-21 01:53:57",False,Fail,"2020-01-21 01:55:06"
657,2,422,"2020-01-21 01:55:06",False,Abandon,"2020-01-21 01:56:03"
658,2,423,"2020-01-21 09:35:13",False,Fail,"2020-01-21 09:36:50"
659,2,423,"2020-01-21 09:36:50",False,Fail,"2020-01-21 09:37:56"
660,2,423,"2020-01-21 09:37:56",False,Success,"2020-01-21 09:38:59"
661,3,424,"2020-01-21 13:27:27",False,Success,"2020-01-21 13:27:33"
662,2,425,"2020-01-21 07:38:06",False,Success,"2020-01-21 07:39:33"
663,2,426,"2020-01-21 16:02:51",False,Fail,"2020-01-21 16:04:30"
664,2,426,"2020-01-21 16:04:30",False,Success,"2020-01-21 16:05:33"
665,1,427,"2020-01-21 13:45:56",False,Abandon,"2020-01-21 13:46:28"
666,0,428,"2020-01-21 23:31:15",False,Success,"2020-01-21 23:31:51"
667,0,429,"2020-01-21 00:12:45",False,Success,"2020-01-21 00:13:36"
668,4,430,"2020-01-21 20:06:30",False,Fail,"2020-01-21 20:07:23"
669,4,430,"2020-01-21 20:07:23",False,Abandon,"2020-01-21 20:07:29"
670,9,431,"2020-01-21 18:29:50",False,Fail,"2020-01-21 18:31:03"
671,9,431,"2020-01-21 18:31:03",False,Success,"2020-01-21 18:32:34"
672,10,432,"2020-01-21 10:36:02",False,Fail,"2020-01-21 10:37:11"
673,10,432,"2020-01-21 10:37:11",False,Success,"2020-01-21 10:37:11"
674,4,433,"2020-01-21 07:47:48",False,Fail,"2020-01-21 07:48:52"
675,4,433,"2020-01-21 07:48:52",False,Fail,"2020-01-21 07:50:19"
676,4,433,"2020-01-21 07:50:19",False,Success,"2020-01-21 07:51:02"
677,3,434,"2020-01-22 19:52:00",False,Abandon,"2020-01-22 19:52:27"
678,1,435,"2020-01-22 14:23:36",False,Abandon,"2020-01-22 14:24:30"
679,4,436,"2020-01-22 16:23:59",False,Fail,"2020-01-22 16:24:40"
680,4,436,"2020-01-22 16:24:40",False,Fail,"2020-01-22 16:26:10"
681,4,436,"2020-01-22 16:26:10",False,Success,"2020-01-22 16:27:40"
682,5,437,"2020-01-22 17:55:11",False,Fail,"2020-01-22 17:56:14"
683,5,437,"2020-01-22 17:56:14",False,Fail,"2020-01-22 17:57:21"
684,5,437,"2020-01-22 17:57:21",False,Fail,"2020-01-22 17:58:01"
685,5,437,"2020-01-22 17:58:01",False,Success,"2020-01-22 17:59:35"
686,5,438,"2020-01-22 04:34:28",False,Fail,"2020-01-22 04:35:57"
687,5,438,"2020-01-22 04:35:57",False,Abandon,"2020-01-22 04:36:29"
688,6,439,"2020-01-22 11:40:14",False,Fail,"2020-01-22 11:41:42"
689,6,439,"2020-01-22 11:41:42",False,Success,"2020-01-22 11:42:19"
690,10,440,"2020-01-22 21:46:49",False,Fail,"2020-01-22 21:47:34"
691,10,440,"2020-01-22 21:47:34",False,Fail,"2020-01-22 21:48:25"
692,10,440,"2020-01-22 21:48:25",False,Success,"2020-01-22 21:49:39"
693,4,441,"2020-01-22 02:55:46",False,Fail,"2020-01-22 02:56:13"
694,4,441,"2020-01-22 02:56:13",False,Fail,"2020-01-22 02:56:31"
695,4,441,"2020-01-22 02:56:31",False,Abandon,"2020-01-22 02:56:47"
696,12,442,"2020-01-22 19:28:24",False,Fail,"2020-01-22 19:29:34"
697,12,442,"2020-01-22 19:29:34",False,Fail,"2020-01-22 19:30:16"
698,12,442,"2020-01-22 19:30:16",False,Success,"2020-01-22 19:31:28"
699,2,443,"2020-01-22 17:42:52",False,Success,"2020-01-22 17:43:35"
700,8,444,"2020-01-22 09:38:48",False,Fail,"2020-01-22 09:39:50"
701,8,444,"2020-01-22 09:39:50",False,Fail,"2020-01-22 09:40:01"
702,8,444,"2020-01-22 09:40:01",False,Fail,"2020-01-22 09:41:20"
703,8,444,"2020-01-22 09:41:20",False,Success,"2020-01-22 09:41:42"
704,6,445,"2020-01-22 16:34:11",False,Fail,"2020-01-22 16:35:17"
705,6,445,"2020-01-22 16:35:17",False,Success,"2020-01-22 16:37:12"
706,7,446,"2020-01-22 23:36:27",False,Fail,"2020-01-22 23:37:45"
707,7,446,"2020-01-22 23:37:45",False,Fail,"2020-01-22 23:38:00"
708,7,446,"2020-01-22 23:38:00",False,Success,"2020-01-22 23:38:44"
709,11,447,"2020-01-22 06:12:24",False,Fail,"2020-01-22 06:13:19"
710,11,447,"2020-01-22 06:13:19",False,Fail,"2020-01-22 06:14:44"
711,11,447,"2020-01-22 06:14:44",False,Success,"2020-01-22 06:15:52"
712,7,448,"2020-01-22 13:43:26",False,Fail,"2020-01-22 13:44:55"
713,7,448,"2020-01-22 13:44:55",False,Success,"2020-01-22 13:46:39"
714,3,449,"2020-01-22 04:10:23",False,Fail,"2020-01-22 04:11:01"
715,3,449,"2020-01-22 04:11:01",False,Fail,"2020-01-22 04:11:19"
716,3,449,"2020-01-22 04:11:19",False,Success,"2020-01-22 04:12:18"
717,1,450,"2020-01-22 13:01:58",False,Success,"2020-01-22 13:03:40"
718,2,451,"2020-01-22 17:41:21",False,Success,"2020-01-22 17:43:00"
719,2,452,"2020-01-22 10:18:05",False,Fail,"2020-01-22 10:20:01"
720,2,452,"2020-01-22 10:20:01",False,Success,"2020-01-22 10:20:53"
721,5,453,"2020-01-22 13:31:44",False,Fail,"2020-01-22 13:31:47"
722,5,453,"2020-01-22 13:31:47",False,Success,"2020-01-22 13:33:28"
723,1,454,"2020-01-22 17:30:19",False,Success,"2020-01-22 17:31:29"
724,1,455,"2020-01-22 04:57:32",False,Success,"2020-01-22 04:59:06"
725,1,456,"2020-01-22 14:12:53",False,Abandon,"2020-01-22 14:12:57"
726,3,457,"2020-01-22 11:10:23",False,Fail,"2020-01-22 11:11:37"
727,3,457,"2020-01-22 11:11:37",False,Fail,"2020-01-22 11:12:38"
728,3,457,"2020-01-22 11:12:38",False,Success,"2020-01-22 11:14:03"
729,4,458,"2020-01-22 07:36:12",False,Fail,"2020-01-22 07:37:24"
730,4,458,"2020-01-22 07:37:24",False,Success,"2020-01-22 07:37:53"
731,1,459,"2020-01-22 16:45:08",False,Success,"2020-01-22 16:45:38"
732,2,460,"2020-01-22 14:04:04",False,Fail,"2020-01-22 14:05:19"
733,2,460,"2020-01-22 14:05:19",False,Fail,"2020-01-22 14:06:36"
734,2,460,"2020-01-22 14:06:36",False,Success,"2020-01-22 14:07:26"
735,1,461,"2020-01-22 05:53:21",False,Abandon,"2020-01-22 05:54:01"
736,3,462,"2020-01-22 12:07:34",False,Fail,"2020-01-22 12:09:01"
737,3,462,"2020-01-22 12:09:01",False,Success,"2020-01-22 12:09:54"
738,12,463,"2020-01-22 07:31:17",False,Success,"2020-01-22 07:32:51"
739,3,464,"2020-01-22 14:05:40",False,Success,"2020-01-22 14:07:02"
740,3,465,"2020-01-22 05:57:11",False,Fail,"2020-01-22 05:57:28"
741,3,465,"2020-01-22 05:57:28",False,Fail,"2020-01-22 05:59:10"
742,3,465,"2020-01-22 05:59:10",False,Fail,"2020-01-22 05:59:24"
743,3,465,"2020-01-22 05:59:24",False,Success,"2020-01-22 06:00:37"
744,12,466,"2020-01-23 04:15:15",False,Fail,"2020-01-23 04:15:58"
745,12,466,"2020-01-23 04:15:58",False,Fail,"2020-01-23 04:17:28"
746,12,466,"2020-01-23 04:17:28",False,Success,"2020-01-23 04:18:43"
747,5,467,"2020-01-23 16:44:54",False,Fail,"2020-01-23 16:45:53"
748,5,467,"2020-01-23 16:45:53",False,Fail,"2020-01-23 16:47:28"
749,5,467,"2020-01-23 16:47:28",False,Fail,"2020-01-23 16:48:40"
750,5,467,"2020-01-23 16:48:40",False,Success,"2020-01-23 16:48:59"
751,3,468,"2020-01-23 17:01:45",False,Success,"2020-01-23 17:02:19"
752,8,469,"2020-01-23 00:32:21",False,Success,"2020-01-23 00:33:50"
753,6,470,"2020-01-23 11:55:41",False,Fail,"2020-01-23 11:55:54"
754,6,470,"2020-01-23 11:55:54",False,Fail,"2020-01-23 11:56:58"
755,6,470,"2020-01-23 11:56:58",False,Abandon,"2020-01-23 11:57:25"
756,7,471,"2020-01-23 05:04:13",False,Fail,"2020-01-23 05:04:27"
757,7,471,"2020-01-23 05:04:27",False,Success,"2020-01-23 05:06:07"
758,11,472,"2020-01-23 07:23:27",False,Success,"2020-01-23 07:24:39"
759,6,473,"2020-01-23 09:38:35",False,Fail,"2020-01-23 09:39:57"
760,6,473,"2020-01-23 09:39:57",False,Fail,"2020-01-23 09:41:34"
761,6,473,"2020-01-23 09:41:34",False,Success,"2020-01-23 09:42:12"
762,4,474,"2020-01-23 04:48:59",False,Fail,"2020-01-23 04:50:05"
763,4,474,"2020-01-23 04:50:05",False,Fail,"2020-01-23 04:51:07"
764,4,474,"2020-01-23 04:51:07",False,Success,"2020-01-23 04:51:12"
765,12,475,"2020-01-23 10:12:21",False,Fail,"2020-01-23 10:13:34"
766,12,475,"2020-01-23 10:13:34",False,Fail,"2020-01-23 10:14:56"
767,12,475,"2020-01-23 10:14:56",False,Success,"2020-01-23 10:16:10"
768,1,476,"2020-01-23 16:32:21",False,Abandon,"2020-01-23 16:33:10"
769,10,477,"2020-01-23 02:33:22",False,Fail,"2020-01-23 02:35:03"
770,10,477,"2020-01-23 02:35:03",False,Success,"2020-01-23 02:35:59"
771,2,478,"2020-01-23 14:48:26",False,Fail,"2020-01-23 14:48:34"
772,2,478,"2020-01-23 14:48:34",False,Success,"2020-01-23 14:49:58"
773,5,479,"2020-01-23 00:46:28",False,Fail,"2020-01-23 00:48:05"
774,5,479,"2020-01-23 00:48:05",False,Success,"2020-01-23 00:48:34"
775,4,480,"2020-01-23 15:18:16",False,Fail,"2020-01-23 15:18:28"
776,4,480,"2020-01-23 15:18:28",False,Fail,"2020-01-23 15:20:06"
777,4,480,"2020-01-23 15:20:06",False,Success,"2020-01-23 15:20:51"
778,9,481,"2020-01-23 15:54:37",False,Fail,"2020-01-23 15:56:11"
779,9,481,"2020-01-23 15:56:11",False,Fail,"2020-01-23 15:57:20"
780,9,481,"2020-01-23 15:57:20",False,Fail,"2020-01-23 15:58:12"
781,9,481,"2020-01-23 15:58:12",False,Fail,"2020-01-23 15:58:49"
782,9,481,"2020-01-23 15:58:49",False,Fail,"2020-01-23 15:59:46"
783,9,481,"2020-01-23 15:59:46",False,Fail,"2020-01-23 16:00:59"
784,9,481,"2020-01-23 16:00:59",False,Success,"2020-01-23 16:02:36"
785,6,482,"2020-01-23 00:51:55",False,Fail,"2020-01-23 00:53:47"
786,6,482,"2020-01-23 00:53:47",False,Success,"2020-01-23 00:54:42"
787,8,483,"2020-01-23 06:46:19",False,Fail,"2020-01-23 06:47:27"
788,8,483,"2020-01-23 06:47:27",False,Fail,"2020-01-23 06:47:45"
789,8,483,"2020-01-23 06:47:45",False,Fail,"2020-01-23 06:49:40"
790,8,483,"2020-01-23 06:49:40",False,Success,"2020-01-23 06:51:17"
791,5,484,"2020-01-23 15:27:06",False,Success,"2020-01-23 15:27:08"
792,7,485,"2020-01-23 18:45:29",False,Success,"2020-01-23 18:45:36"
793,1,486,"2020-01-23 13:29:32",False,Success,"2020-01-23 13:30:11"
794,4,487,"2020-01-23 00:23:29",False,Fail,"2020-01-23 00:24:54"
795,4,487,"2020-01-23 00:24:54",False,Fail,"2020-01-23 00:25:49"
796,4,487,"2020-01-23 00:25:49",False,Success,"2020-01-23 00:27:25"
797,4,488,"2020-01-23 06:30:45",False,Success,"2020-01-23 06:32:34"
798,4,489,"2020-01-23 12:46:39",False,Success,"2020-01-23 12:47:54"
799,1,490,"2020-01-23 19:23:34",False,Abandon,"2020-01-23 19:23:47"
800,1,491,"2020-01-23 21:04:13",False,Success,"2020-01-23 21:05:02"
801,1,492,"2020-01-23 08:16:33",False,Fail,"2020-01-23 08:17:36"
802,1,492,"2020-01-23 08:17:36",False,Success,"2020-01-23 08:18:22"
803,1,493,"2020-01-23 22:07:45",False,Abandon,"2020-01-23 22:08:33"
804,6,494,"2020-01-23 18:36:10",False,Success,"2020-01-23 18:36:51"
805,1,495,"2020-01-23 13:19:07",False,Success,"2020-01-23 13:20:02"
806,1,496,"2020-01-23 05:12:16",False,Success,"2020-01-23 05:12:31"
807,2,497,"2020-01-23 13:30:17",False,Success,"2020-01-23 13:30:33"
808,5,498,"2020-01-23 19:07:26",False,Fail,"2020-01-23 19:08:19"
809,5,498,"2020-01-23 19:08:19",False,Success,"2020-01-23 19:09:59"
810,2,499,"2020-01-23 04:07:30",False,Fail,"2020-01-23 04:09:23"
811,2,499,"2020-01-23 04:09:23",False,Success,"2020-01-23 04:10:10"
812,5,500,"2020-01-23 22:57:29",False,Success,"2020-01-23 22:59:02"
813,1,501,"2020-01-23 07:10:55",False,Abandon,"2020-01-23 07:11:18"
814,1,502,"2020-01-23 06:28:48",False,Success,"2020-01-23 06:30:44"
815,1,503,"2020-01-23 11:18:40",False,Success,"2020-01-23 11:19:03"
816,13,504,"2020-01-23 08:06:47",False,Fail,"2020-01-23 08:08:39"
817,13,504,"2020-01-23 08:08:39",False,Fail,"2020-01-23 08:09:00"
818,13,504,"2020-01-23 08:09:00",False,Fail,"2020-01-23 08:09:34"
819,13,504,"2020-01-23 08:09:34",False,Fail,"2020-01-23 08:10:28"
820,13,504,"2020-01-23 08:10:28",False,Fail,"2020-01-23 08:10:55"
821,13,504,"2020-01-23 08:10:55",False,Fail,"2020-01-23 08:11:41"
822,13,504,"2020-01-23 08:11:41",False,Success,"2020-01-23 08:12:58"
823,6,505,"2020-01-23 22:55:44",False,Abandon,"2020-01-23 22:56:09"
824,3,506,"2020-01-24 14:28:14",False,Fail,"2020-01-24 14:29:36"
825,3,506,"2020-01-24 14:29:36",False,Fail,"2020-01-24 14:29:49"
826,3,506,"2020-01-24 14:29:49",False,Abandon,"2020-01-24 14:30:19"
827,14,507,"2020-01-24 00:26:14",False,Fail,"2020-01-24 00:28:03"
828,14,507,"2020-01-24 00:28:03",False,Fail,"2020-01-24 00:29:13"
829,14,507,"2020-01-24 00:29:13",False,Success,"2020-01-24 00:31:10"
830,4,508,"2020-01-24 23:15:18",False,Fail,"2020-01-24 23:15:55"
831,4,508,"2020-01-24 23:15:55",False,Fail,"2020-01-24 23:17:46"
832,4,508,"2020-01-24 23:17:46",False,Success,"2020-01-24 23:18:10"
833,6,509,"2020-01-24 05:55:42",False,Fail,"2020-01-24 05:56:11"
834,6,509,"2020-01-24 05:56:11",False,Fail,"2020-01-24 05:57:29"
835,6,509,"2020-01-24 05:57:29",False,Success,"2020-01-24 05:58:20"
836,5,510,"2020-01-24 06:21:47",False,Success,"2020-01-24 06:23:01"
837,7,511,"2020-01-24 18:52:43",False,Fail,"2020-01-24 18:54:03"
838,7,511,"2020-01-24 18:54:03",False,Success,"2020-01-24 18:54:52"
839,12,512,"2020-01-24 15:22:43",False,Fail,"2020-01-24 15:24:40"
840,12,512,"2020-01-24 15:24:40",False,Success,"2020-01-24 15:25:20"
841,1,513,"2020-01-24 08:42:36",False,Success,"2020-01-24 08:43:54"
842,5,514,"2020-01-24 16:04:10",False,Fail,"2020-01-24 16:05:39"
843,5,514,"2020-01-24 16:05:39",False,Abandon,"2020-01-24 16:06:18"
844,11,515,"2020-01-24 20:10:47",False,Fail,"2020-01-24 20:11:53"
845,11,515,"2020-01-24 20:11:53",False,Fail,"2020-01-24 20:12:07"
846,11,515,"2020-01-24 20:12:07",False,Fail,"2020-01-24 20:13:03"
847,11,515,"2020-01-24 20:13:03",False,Fail,"2020-01-24 20:14:40"
848,11,515,"2020-01-24 20:14:40",False,Fail,"2020-01-24 20:16:30"
849,11,515,"2020-01-24 20:16:30",False,Success,"2020-01-24 20:17:17"
850,1,516,"2020-01-24 17:20:27",False,Abandon,"2020-01-24 17:21:11"
851,3,517,"2020-01-24 11:41:09",False,Success,"2020-01-24 11:42:32"
852,10,518,"2020-01-24 03:37:47",False,Fail,"2020-01-24 03:38:09"
853,10,518,"2020-01-24 03:38:09",False,Fail,"2020-01-24 03:38:47"
854,10,518,"2020-01-24 03:38:47",False,Fail,"2020-01-24 03:39:35"
855,10,518,"2020-01-24 03:39:35",False,Fail,"2020-01-24 03:41:17"
856,10,518,"2020-01-24 03:41:17",False,Fail,"2020-01-24 03:42:18"
857,10,518,"2020-01-24 03:42:18",False,Fail,"2020-01-24 03:43:51"
858,10,518,"2020-01-24 03:43:51",False,Fail,"2020-01-24 03:44:52"
859,10,518,"2020-01-24 03:44:52",False,Fail,"2020-01-24 03:46:01"
860,10,518,"2020-01-24 03:46:01",False,Fail,"2020-01-24 03:47:58"
861,10,518,"2020-01-24 03:47:58",False,Fail,"2020-01-24 03:48:29"
862,10,518,"2020-01-24 03:48:29",False,Success,"2020-01-24 03:49:15"
863,7,519,"2020-01-24 04:33:43",False,Fail,"2020-01-24 04:34:39"
864,7,519,"2020-01-24 04:34:39",False,Success,"2020-01-24 04:35:03"
865,4,520,"2020-01-24 09:02:52",False,Fail,"2020-01-24 09:04:15"
866,4,520,"2020-01-24 09:04:15",False,Success,"2020-01-24 09:05:31"
867,7,521,"2020-01-24 15:36:13",False,Fail,"2020-01-24 15:36:30"
868,7,521,"2020-01-24 15:36:30",False,Abandon,"2020-01-24 15:36:47"
869,9,522,"2020-01-24 02:17:39",False,Fail,"2020-01-24 02:18:58"
870,9,522,"2020-01-24 02:18:58",False,Fail,"2020-01-24 02:19:12"
871,9,522,"2020-01-24 02:19:12",False,Fail,"2020-01-24 02:20:53"
872,9,522,"2020-01-24 02:20:53",False,Fail,"2020-01-24 02:21:38"
873,9,522,"2020-01-24 02:21:38",False,Success,"2020-01-24 02:22:43"
874,8,523,"2020-01-24 08:32:55",False,Fail,"2020-01-24 08:34:17"
875,8,523,"2020-01-24 08:34:17",False,Fail,"2020-01-24 08:35:12"
876,8,523,"2020-01-24 08:35:12",False,Success,"2020-01-24 08:36:39"
877,4,524,"2020-01-24 03:55:18",False,Fail,"2020-01-24 03:56:13"
878,4,524,"2020-01-24 03:56:13",False,Success,"2020-01-24 03:57:13"
879,5,525,"2020-01-24 00:51:51",False,Success,"2020-01-24 00:52:38"
880,8,526,"2020-01-24 09:49:03",False,Success,"2020-01-24 09:50:07"
881,2,527,"2020-01-24 00:13:29",False,Success,"2020-01-24 00:14:08"
882,5,528,"2020-01-24 17:35:50",False,Abandon,"2020-01-24 17:36:06"
883,5,529,"2020-01-24 14:51:44",False,Abandon,"2020-01-24 14:51:51"
884,1,530,"2020-01-24 10:10:24",False,Abandon,"2020-01-24 10:10:50"
885,1,531,"2020-01-24 04:50:01",False,Success,"2020-01-24 04:51:08"
886,5,532,"2020-01-24 04:28:55",False,Fail,"2020-01-24 04:30:38"
887,5,532,"2020-01-24 04:30:38",False,Fail,"2020-01-24 04:32:05"
888,5,532,"2020-01-24 04:32:05",False,Fail,"2020-01-24 04:33:30"
889,5,532,"2020-01-24 04:33:30",False,Success,"2020-01-24 04:34:02"
890,2,533,"2020-01-24 13:19:33",False,Success,"2020-01-24 13:20:20"
891,2,534,"2020-01-24 04:35:45",False,Success,"2020-01-24 04:36:31"
892,2,535,"2020-01-24 05:28:01",False,Fail,"2020-01-24 05:28:02"
893,2,535,"2020-01-24 05:28:02",False,Success,"2020-01-24 05:28:29"
894,4,536,"2020-01-24 20:32:56",False,Fail,"2020-01-24 20:33:54"
895,4,536,"2020-01-24 20:33:54",False,Fail,"2020-01-24 20:34:54"
896,4,536,"2020-01-24 20:34:54",False,Abandon,"2020-01-24 20:35:24"
897,3,537,"2020-01-24 12:28:01",False,Fail,"2020-01-24 12:28:44"
898,3,537,"2020-01-24 12:28:44",False,Fail,"2020-01-24 12:29:13"
899,3,537,"2020-01-24 12:29:13",False,Fail,"2020-01-24 12:29:38"
900,3,537,"2020-01-24 12:29:38",False,Success,"2020-01-24 12:30:44"
901,1,538,"2020-01-24 08:10:35",False,Success,"2020-01-24 08:11:28"
902,1,539,"2020-01-24 17:51:52",False,Success,"2020-01-24 17:52:33"
903,3,540,"2020-01-24 06:56:55",False,Fail,"2020-01-24 06:58:37"
904,3,540,"2020-01-24 06:58:37",False,Success,"2020-01-24 07:00:29"
905,2,541,"2020-01-24 10:24:37",False,Fail,"2020-01-24 10:25:38"
906,2,541,"2020-01-24 10:25:38",False,Abandon,"2020-01-24 10:25:59"
907,1,542,"2020-01-24 02:46:40",False,Abandon,"2020-01-24 02:47:21"
908,4,543,"2020-01-24 18:46:19",False,Fail,"2020-01-24 18:46:45"
909,4,543,"2020-01-24 18:46:45",False,Fail,"2020-01-24 18:47:54"
910,4,543,"2020-01-24 18:47:54",False,Fail,"2020-01-24 18:48:32"
911,4,543,"2020-01-24 18:48:32",False,Abandon,"2020-01-24 18:48:34"
912,6,544,"2020-01-24 14:00:35",False,Fail,"2020-01-24 14:01:38"
913,6,544,"2020-01-24 14:01:38",False,Fail,"2020-01-24 14:01:48"
914,6,544,"2020-01-24 14:01:48",False,Success,"2020-01-24 14:01:54"
915,4,545,"2020-01-24 21:52:19",False,Success,"2020-01-24 21:54:13"
916,2,546,"2020-01-24 21:25:26",False,Fail,"2020-01-24 21:26:37"
917,2,546,"2020-01-24 21:26:37",False,Success,"2020-01-24 21:28:05"
918,1,547,"2020-01-24 07:35:47",False,Abandon,"2020-01-24 07:36:04"
919,1,548,"2020-01-24 21:29:37",False,Success,"2020-01-24 21:29:55"
920,0,549,"2020-01-24 08:33:03",False,Success,"2020-01-24 08:34:16"
921,3,550,"2020-01-24 05:28:36",False,Success,"2020-01-24 05:29:14"
922,1,551,"2020-01-24 21:29:54",False,Fail,"2020-01-24 21:31:07"
923,1,551,"2020-01-24 21:31:07",False,Success,"2020-01-24 21:31:27"
924,15,552,"2020-01-25 04:32:25",False,Fail,"2020-01-25 04:32:33"
925,15,552,"2020-01-25 04:32:33",False,Fail,"2020-01-25 04:34:27"
926,15,552,"2020-01-25 04:34:27",False,Fail,"2020-01-25 04:34:34"
927,15,552,"2020-01-25 04:34:34",False,Success,"2020-01-25 04:35:39"
928,3,553,"2020-01-25 03:26:33",False,Fail,"2020-01-25 03:28:03"
929,3,553,"2020-01-25 03:28:03",False,Abandon,"2020-01-25 03:28:38"
930,8,554,"2020-01-25 13:28:36",False,Fail,"2020-01-25 13:29:58"
931,8,554,"2020-01-25 13:29:58",False,Success,"2020-01-25 13:31:30"
932,13,555,"2020-01-25 22:53:54",False,Fail,"2020-01-25 22:54:25"
933,13,555,"2020-01-25 22:54:25",False,Fail,"2020-01-25 22:55:06"
934,13,555,"2020-01-25 22:55:06",False,Fail,"2020-01-25 22:55:58"
935,13,555,"2020-01-25 22:55:58",False,Fail,"2020-01-25 22:57:00"
936,13,555,"2020-01-25 22:57:00",False,Fail,"2020-01-25 22:58:13"
937,13,555,"2020-01-25 22:58:13",False,Fail,"2020-01-25 22:58:58"
938,13,555,"2020-01-25 22:58:58",False,Success,"2020-01-25 22:59:01"
939,1,556,"2020-01-25 10:14:09",False,Abandon,"2020-01-25 10:15:07"
940,3,557,"2020-01-25 21:01:20",False,Fail,"2020-01-25 21:03:12"
941,3,557,"2020-01-25 21:03:12",False,Fail,"2020-01-25 21:03:21"
942,3,557,"2020-01-25 21:03:21",False,Fail,"2020-01-25 21:04:02"
943,3,557,"2020-01-25 21:04:02",False,Fail,"2020-01-25 21:04:50"
944,3,557,"2020-01-25 21:04:50",False,Fail,"2020-01-25 21:05:42"
945,3,557,"2020-01-25 21:05:42",False,Abandon,"2020-01-25 21:06:20"
946,8,558,"2020-01-25 22:59:20",False,Fail,"2020-01-25 22:59:25"
947,8,558,"2020-01-25 22:59:25",False,Success,"2020-01-25 23:00:14"
948,7,559,"2020-01-25 20:14:58",False,Success,"2020-01-25 20:16:20"
949,13,560,"2020-01-25 04:52:54",False,Fail,"2020-01-25 04:54:08"
950,13,560,"2020-01-25 04:54:08",False,Fail,"2020-01-25 04:55:12"
951,13,560,"2020-01-25 04:55:12",False,Fail,"2020-01-25 04:55:20"
952,13,560,"2020-01-25 04:55:20",False,Fail,"2020-01-25 04:56:44"
953,13,560,"2020-01-25 04:56:44",False,Fail,"2020-01-25 04:57:15"
954,13,560,"2020-01-25 04:57:15",False,Fail,"2020-01-25 04:58:27"
955,13,560,"2020-01-25 04:58:27",False,Success,"2020-01-25 04:58:56"
956,5,561,"2020-01-25 07:13:15",False,Success,"2020-01-25 07:13:58"
957,4,562,"2020-01-25 11:53:34",False,Fail,"2020-01-25 11:55:16"
958,4,562,"2020-01-25 11:55:16",False,Fail,"2020-01-25 11:56:33"
959,4,562,"2020-01-25 11:56:33",False,Fail,"2020-01-25 11:56:52"
960,4,562,"2020-01-25 11:56:52",False,Abandon,"2020-01-25 11:57:47"
961,9,563,"2020-01-25 09:51:14",False,Success,"2020-01-25 09:51:58"
962,5,564,"2020-01-25 23:16:39",False,Fail,"2020-01-25 23:17:50"
963,5,564,"2020-01-25 23:17:50",False,Fail,"2020-01-25 23:19:00"
964,5,564,"2020-01-25 23:19:00",False,Success,"2020-01-25 23:19:24"
965,1,565,"2020-01-25 15:15:16",False,Abandon,"2020-01-25 15:16:08"
966,6,566,"2020-01-25 05:22:31",False,Fail,"2020-01-25 05:24:14"
967,6,566,"2020-01-25 05:24:14",False,Fail,"2020-01-25 05:25:29"
968,6,566,"2020-01-25 05:25:29",False,Fail,"2020-01-25 05:27:23"
969,6,566,"2020-01-25 05:27:23",False,Fail,"2020-01-25 05:27:49"
970,6,566,"2020-01-25 05:27:49",False,Success,"2020-01-25 05:28:36"
971,4,567,"2020-01-25 14:58:47",False,Fail,"2020-01-25 14:59:13"
972,4,567,"2020-01-25 14:59:13",False,Fail,"2020-01-25 15:00:31"
973,4,567,"2020-01-25 15:00:31",False,Success,"2020-01-25 15:01:32"
974,7,568,"2020-01-25 11:11:46",False,Fail,"2020-01-25 11:12:26"
975,7,568,"2020-01-25 11:12:26",False,Success,"2020-01-25 11:12:50"
976,2,569,"2020-01-25 21:50:14",False,Success,"2020-01-25 21:50:46"
977,1,570,"2020-01-25 14:24:05",False,Abandon,"2020-01-25 14:24:30"
978,1,571,"2020-01-25 13:12:47",False,Abandon,"2020-01-25 13:13:32"
979,6,572,"2020-01-25 17:40:21",False,Fail,"2020-01-25 17:40:29"
980,6,572,"2020-01-25 17:40:29",False,Fail,"2020-01-25 17:40:36"
981,6,572,"2020-01-25 17:40:36",False,Success,"2020-01-25 17:41:20"
982,1,573,"2020-01-25 17:31:58",False,Abandon,"2020-01-25 17:32:08"
983,4,574,"2020-01-25 03:44:31",False,Fail,"2020-01-25 03:46:14"
984,4,574,"2020-01-25 03:46:14",False,Fail,"2020-01-25 03:47:26"
985,4,574,"2020-01-25 03:47:26",False,Fail,"2020-01-25 03:48:53"
986,4,574,"2020-01-25 03:48:53",False,Success,"2020-01-25 03:50:19"
987,7,575,"2020-01-25 23:33:21",False,Fail,"2020-01-25 23:33:31"
988,7,575,"2020-01-25 23:33:31",False,Success,"2020-01-25 23:34:28"
989,1,576,"2020-01-25 21:37:32",False,Success,"2020-01-25 21:37:37"
990,3,577,"2020-01-25 03:49:06",False,Fail,"2020-01-25 03:49:41"
991,3,577,"2020-01-25 03:49:41",False,Fail,"2020-01-25 03:51:02"
992,3,577,"2020-01-25 03:51:02",False,Success,"2020-01-25 03:52:45"
993,3,578,"2020-01-25 11:19:32",False,Fail,"2020-01-25 11:20:30"
994,3,578,"2020-01-25 11:20:30",False,Fail,"2020-01-25 11:20:44"
995,3,578,"2020-01-25 11:20:44",False,Success,"2020-01-25 11:21:11"
996,2,579,"2020-01-25 15:51:15",False,Fail,"2020-01-25 15:51:24"
997,2,579,"2020-01-25 15:51:24",False,Success,"2020-01-25 15:52:12"
998,2,580,"2020-01-25 21:38:10",False,Success,"2020-01-25 21:38:49"
999,16,581,"2020-01-26 10:05:49",False,Fail,"2020-01-26 10:06:58"
1000,16,581,"2020-01-26 10:06:58",False,Fail,"2020-01-26 10:07:45"
