session_id,game_id,player_id,start,end
0,1,0,"2020-01-02 16:32:43","2020-01-02 16:34:11"
1,1,1,"2020-01-02 02:58:31","2020-01-02 02:59:12"
2,1,2,"2020-01-03 04:48:12","2020-01-03 04:48:47"
3,1,3,"2020-01-03 22:16:48","2020-01-03 22:18:27"
4,1,4,"2020-01-04 11:34:55","2020-01-04 11:35:39"
5,1,5,"2020-01-04 09:55:58","2020-01-04 09:56:52"
6,1,2,"2020-01-05 01:55:35","2020-01-05 01:57:20"
7,1,6,"2020-01-05 13:23:46","2020-01-05 13:25:22"
8,1,7,"2020-01-05 03:09:51","2020-01-05 03:10:20"
9,1,1,"2020-01-06 13:31:20","2020-01-06 13:32:16"
10,1,7,"2020-01-06 16:09:28","2020-01-06 16:09:55"
11,1,0,"2020-01-07 04:13:44","2020-01-07 04:13:55"
12,1,2,"2020-01-08 07:04:20","2020-01-08 07:07:02"
13,1,4,"2020-01-08 02:46:21","2020-01-08 02:46:28"
14,1,6,"2020-01-08 05:07:36","2020-01-08 05:07:44"
15,1,8,"2020-01-08 20:54:11","2020-01-08 20:55:23"
16,1,9,"2020-01-08 04:47:41","2020-01-08 04:48:14"
17,1,10,"2020-01-08 02:31:02","2020-01-08 02:31:52"
18,1,11,"2020-01-08 14:09:55","2020-01-08 14:11:41"
19,1,12,"2020-01-08 16:52:46","2020-01-08 16:53:17"
20,1,13,"2020-01-08 23:39:47","2020-01-08 23:40:37"
21,1,14,"2020-01-08 22:08:23","2020-01-08 22:08:23"
22,1,15,"2020-01-08 18:29:48","2020-01-08 18:30:11"
23,1,16,"2020-01-08 11:56:35","2020-01-08 11:56:37"
24,1,17,"2020-01-08 20:33:32","2020-01-08 20:35:09"
25,1,18,"2020-01-08 19:31:42","2020-01-08 19:32:29"
26,1,19,"2020-01-08 10:38:22","2020-01-08 10:39:35"
27,1,20,"2020-01-08 04:27:48","2020-01-08 04:28:12"
28,1,21,"2020-01-08 11:38:28","2020-01-08 11:38:50"
29,1,22,"2020-01-08 04:20:07","2020-01-08 04:21:01"
30,1,23,"2020-01-08 21:59:46","2020-01-08 22:01:40"
31,1,24,"2020-01-08 23:43:23","2020-01-08 23:45:21"
32,1,0,"2020-01-09 02:07:39","2020-01-09 02:08:36"
33,1,2,"2020-01-09 17:43:49","2020-01-09 17:48:00"
34,1,7,"2020-01-09 01:55:58","2020-01-09 01:56:02"
35,1,11,"2020-01-09 09:39:15","2020-01-09 09:39:56"
36,1,14,"2020-01-09 10:50:48","2020-01-09 10:51:01"
37,1,21,"2020-01-09 06:00:04","2020-01-09 06:00:39"
38,1,23,"2020-01-09 18:35:49","2020-01-09 18:36:24"
39,1,24,"2020-01-09 17:20:38","2020-01-09 17:22:07"
40,1,25,"2020-01-09 16:11:49","2020-01-09 16:13:16"
41,1,26,"2020-01-09 07:48:36","2020-01-09 07:49:32"
42,1,27,"2020-01-09 07:41:54","2020-01-09 07:42:24"
43,1,28,"2020-01-09 17:15:16","2020-01-09 17:16:47"
44,1,29,"2020-01-09 02:12:05","2020-01-09 02:13:21"
45,1,30,"2020-01-09 18:41:10","2020-01-09 18:41:12"
46,1,31,"2020-01-09 12:21:21","2020-01-09 12:23:13"
47,1,32,"2020-01-09 16:59:03","2020-01-09 17:00:38"
48,1,33,"2020-01-09 03:55:45","2020-01-09 03:57:06"
49,1,34,"2020-01-09 03:04:23","2020-01-09 03:04:49"
50,1,35,"2020-01-09 14:07:22","2020-01-09 14:08:53"
51,1,36,"2020-01-09 18:50:21","2020-01-09 18:51:15"
52,1,37,"2020-01-09 12:47:38","2020-01-09 12:48:09"
53,1,38,"2020-01-09 22:40:00","2020-01-09 22:40:42"
54,1,39,"2020-01-09 18:21:28","2020-01-09 18:22:27"
55,1,40,"2020-01-09 06:19:48","2020-01-09 06:20:10"
56,1,41,"2020-01-09 09:33:48","2020-01-09 09:34:21"
57,1,42,"2020-01-09 12:43:12","2020-01-09 12:43:36"
58,1,43,"2020-01-09 19:03:38","2020-01-09 19:03:54"
59,1,44,"2020-01-09 13:32:18","2020-01-09 13:33:37"
60,1,7,"2020-01-09 17:22:51","2020-01-09 17:23:00"
61,1,21,"2020-01-09 07:28:41","2020-01-09 07:29:59"
62,1,31,"2020-01-09 10:23:08","2020-01-09 10:24:38"
63,1,2,"2020-01-10 09:12:22","2020-01-10 09:14:06"
64,1,3,"2020-01-10 19:33:30","2020-01-10 19:33:56"
65,1,5,"2020-01-10 05:22:46","2020-01-10 05:23:43"
66,1,7,"2020-01-10 09:02:21","2020-01-10 09:02:23"
67,1,8,"2020-01-10 00:33:53","2020-01-10 00:34:33"
68,1,11,"2020-01-10 07:20:06","2020-01-10 07:22:06"
69,1,14,"2020-01-10 05:49:31","2020-01-10 05:49:49"
70,1,15,"2020-01-10 07:12:03","2020-01-10 07:12:45"
71,1,23,"2020-01-10 07:40:00","2020-01-10 07:41:38"
72,1,29,"2020-01-10 02:28:08","2020-01-10 02:28:46"
73,1,33,"2020-01-10 10:00:54","2020-01-10 10:01:35"
74,1,34,"2020-01-10 23:40:10","2020-01-10 23:41:39"
75,1,37,"2020-01-10 00:33:23","2020-01-10 00:34:06"
76,1,38,"2020-01-10 06:04:05","2020-01-10 06:04:13"
77,1,39,"2020-01-10 10:06:51","2020-01-10 10:07:05"
78,1,40,"2020-01-10 21:46:55","2020-01-10 21:47:17"
79,1,41,"2020-01-10 22:26:59","2020-01-10 22:28:05"
80,1,43,"2020-01-10 09:38:01","2020-01-10 09:39:21"
81,1,45,"2020-01-10 03:19:05","2020-01-10 03:19:37"
82,1,46,"2020-01-10 15:18:15","2020-01-10 15:18:21"
83,1,47,"2020-01-10 23:41:22","2020-01-10 23:43:03"
84,1,48,"2020-01-10 06:59:34","2020-01-10 07:00:06"
85,1,49,"2020-01-10 20:02:47","2020-01-10 20:04:06"
86,1,50,"2020-01-10 03:37:20","2020-01-10 03:38:46"
87,1,51,"2020-01-10 08:16:13","2020-01-10 08:16:40"
88,1,52,"2020-01-10 21:15:52","2020-01-10 21:16:22"
89,1,53,"2020-01-10 05:40:57","2020-01-10 05:41:50"
90,1,54,"2020-01-10 11:36:31","2020-01-10 11:37:50"
91,1,55,"2020-01-10 08:32:41","2020-01-10 08:33:47"
92,1,56,"2020-01-10 13:32:27","2020-01-10 13:32:48"
93,1,57,"2020-01-10 19:08:38","2020-01-10 19:09:49"
94,1,58,"2020-01-10 10:10:54","2020-01-10 10:12:48"
95,1,59,"2020-01-10 09:40:49","2020-01-10 09:41:40"
96,1,60,"2020-01-10 13:32:25","2020-01-10 13:33:39"
97,1,61,"2020-01-10 07:23:48","2020-01-10 07:24:06"
98,1,62,"2020-01-10 06:13:32","2020-01-10 06:14:00"
99,1,63,"2020-01-10 11:17:07","2020-01-10 11:17:47"
100,1,64,"2020-01-10 15:50:11","2020-01-10 15:52:01"
101,1,2,"2020-01-10 12:30:38","2020-01-10 12:32:34"
102,1,23,"2020-01-10 05:29:00","2020-01-10 05:31:22"
103,1,3,"2020-01-11 18:29:09","2020-01-11 18:29:55"
104,1,4,"2020-01-11 08:48:50","2020-01-11 08:49:44"
105,1,6,"2020-01-11 10:29:35","2020-01-11 10:30:46"
106,1,8,"2020-01-11 07:40:49","2020-01-11 07:43:22"
107,1,11,"2020-01-11 04:02:54","2020-01-11 04:03:44"
108,1,21,"2020-01-11 22:17:27","2020-01-11 22:18:07"
109,1,23,"2020-01-11 01:47:36","2020-01-11 01:48:53"
110,1,25,"2020-01-11 07:53:57","2020-01-11 07:53:57"
111,1,27,"2020-01-11 08:50:07","2020-01-11 08:50:15"
112,1,29,"2020-01-11 03:31:15","2020-01-11 03:33:26"
113,1,30,"2020-01-11 04:31:14","2020-01-11 04:32:36"
114,1,34,"2020-01-11 16:16:35","2020-01-11 16:16:56"
115,1,37,"2020-01-11 09:56:43","2020-01-11 09:58:30"
116,1,38,"2020-01-11 19:53:12","2020-01-11 19:53:40"
117,1,40,"2020-01-11 08:43:15","2020-01-11 08:45:59"
118,1,47,"2020-01-11 09:23:19","2020-01-11 09:23:29"
119,1,62,"2020-01-11 14:03:34","2020-01-11 14:04:44"
120,1,65,"2020-01-11 14:49:43","2020-01-11 14:49:45"
121,1,66,"2020-01-11 02:50:15","2020-01-11 02:50:47"
122,1,67,"2020-01-11 17:43:33","2020-01-11 17:44:17"
123,1,6,"2020-01-11 17:47:57","2020-01-11 17:48:42"
124,1,1,"2020-01-12 13:03:24","2020-01-12 13:03:59"
125,1,17,"2020-01-12 16:25:32","2020-01-12 16:26:51"
126,1,21,"2020-01-12 02:26:51","2020-01-12 02:28:49"
127,1,26,"2020-01-12 14:52:38","2020-01-12 14:54:14"
128,1,27,"2020-01-12 18:59:09","2020-01-12 19:00:23"
129,1,29,"2020-01-12 22:09:44","2020-01-12 22:10:54"
130,1,34,"2020-01-12 19:00:03","2020-01-12 19:01:05"
131,1,42,"2020-01-12 16:11:26","2020-01-12 16:13:48"
132,1,53,"2020-01-12 17:48:23","2020-01-12 17:49:40"
133,1,58,"2020-01-12 08:24:33","2020-01-12 08:26:05"
134,1,59,"2020-01-12 02:02:25","2020-01-12 02:02:47"
135,1,63,"2020-01-12 04:19:57","2020-01-12 04:20:27"
136,1,68,"2020-01-12 20:18:03","2020-01-12 20:19:49"
137,1,69,"2020-01-12 18:17:40","2020-01-12 18:19:31"
138,1,26,"2020-01-12 03:04:27","2020-01-12 03:07:14"
139,1,3,"2020-01-13 00:05:57","2020-01-13 00:07:19"
140,1,10,"2020-01-13 13:41:44","2020-01-13 13:41:53"
141,1,11,"2020-01-13 04:24:06","2020-01-13 04:24:33"
142,1,15,"2020-01-13 15:51:20","2020-01-13 15:52:11"
143,1,18,"2020-01-13 08:39:05","2020-01-13 08:39:56"
144,1,20,"2020-01-13 03:37:43","2020-01-13 03:38:36"
145,1,21,"2020-01-13 09:30:30","2020-01-13 09:32:04"
146,1,23,"2020-01-13 18:11:56","2020-01-13 18:13:59"
147,1,26,"2020-01-13 23:22:29","2020-01-13 23:23:27"
148,1,29,"2020-01-13 19:06:42","2020-01-13 19:10:07"
149,1,30,"2020-01-13 21:08:53","2020-01-13 21:09:34"
150,1,31,"2020-01-13 12:55:05","2020-01-13 12:56:37"
151,1,34,"2020-01-13 15:54:55","2020-01-13 15:57:45"
152,1,39,"2020-01-13 12:11:28","2020-01-13 12:12:56"
153,1,42,"2020-01-13 14:06:38","2020-01-13 14:10:41"
154,1,43,"2020-01-13 08:12:32","2020-01-13 08:13:27"
155,1,44,"2020-01-13 20:41:52","2020-01-13 20:43:00"
156,1,49,"2020-01-13 02:53:45","2020-01-13 02:55:28"
157,1,57,"2020-01-13 08:15:46","2020-01-13 08:15:55"
158,1,58,"2020-01-13 17:18:34","2020-01-13 17:20:11"
159,1,62,"2020-01-13 11:14:08","2020-01-13 11:15:58"
160,1,64,"2020-01-13 07:36:14","2020-01-13 07:37:11"
161,1,67,"2020-01-13 16:15:18","2020-01-13 16:15:52"
162,1,69,"2020-01-13 16:29:15","2020-01-13 16:30:53"
163,1,70,"2020-01-13 05:20:38","2020-01-13 05:21:25"
164,1,71,"2020-01-13 01:56:48","2020-01-13 01:57:24"
165,1,72,"2020-01-13 14:37:39","2020-01-13 14:38:59"
166,1,21,"2020-01-13 11:35:11","2020-01-13 11:36:00"
167,1,2,"2020-01-14 12:27:36","2020-01-14 12:32:43"
168,1,6,"2020-01-14 20:54:00","2020-01-14 20:55:25"
169,1,8,"2020-01-14 08:01:22","2020-01-14 08:02:42"
170,1,14,"2020-01-14 04:05:04","2020-01-14 04:05:27"
171,1,15,"2020-01-14 13:49:42","2020-01-14 13:50:24"
172,1,20,"2020-01-14 18:37:01","2020-01-14 18:37:56"
173,1,23,"2020-01-14 04:30:12","2020-01-14 04:32:37"
174,1,27,"2020-01-14 19:21:42","2020-01-14 19:25:25"
175,1,29,"2020-01-14 03:40:49","2020-01-14 03:45:34"
176,1,30,"2020-01-14 01:26:33","2020-01-14 01:28:30"
177,1,31,"2020-01-14 16:17:52","2020-01-14 16:22:32"
178,1,37,"2020-01-14 21:15:43","2020-01-14 21:18:01"
179,1,38,"2020-01-14 23:33:41","2020-01-14 23:34:55"
180,1,39,"2020-01-14 21:44:48","2020-01-14 21:46:10"
181,1,40,"2020-01-14 05:36:10","2020-01-14 05:37:59"
182,1,42,"2020-01-14 08:56:44","2020-01-14 09:00:31"
183,1,48,"2020-01-14 16:06:34","2020-01-14 16:08:26"
184,1,49,"2020-01-14 17:28:22","2020-01-14 17:30:19"
185,1,51,"2020-01-14 19:12:33","2020-01-14 19:13:17"
186,1,57,"2020-01-14 21:57:48","2020-01-14 21:58:32"
187,1,59,"2020-01-14 02:06:23","2020-01-14 02:06:58"
188,1,60,"2020-01-14 02:38:40","2020-01-14 02:39:11"
189,1,63,"2020-01-14 21:43:29","2020-01-14 21:43:36"
190,1,64,"2020-01-14 03:12:14","2020-01-14 03:13:56"
191,1,67,"2020-01-14 12:04:29","2020-01-14 12:04:53"
192,1,14,"2020-01-14 22:48:37","2020-01-14 22:51:02"
193,1,1,"2020-01-15 03:12:05","2020-01-15 03:13:26"
194,1,2,"2020-01-15 22:29:07","2020-01-15 22:29:51"
195,1,3,"2020-01-15 09:25:34","2020-01-15 09:27:44"
196,1,8,"2020-01-15 03:02:53","2020-01-15 03:05:01"
197,1,17,"2020-01-15 07:33:10","2020-01-15 07:33:12"
198,1,27,"2020-01-15 15:52:42","2020-01-15 15:53:28"
199,1,29,"2020-01-15 10:59:33","2020-01-15 11:01:08"
200,1,31,"2020-01-15 12:52:11","2020-01-15 12:56:22"
201,1,34,"2020-01-15 12:10:07","2020-01-15 12:12:01"
202,1,36,"2020-01-15 03:00:13","2020-01-15 03:00:59"
203,1,41,"2020-01-15 03:26:16","2020-01-15 03:29:36"
204,1,47,"2020-01-15 16:25:23","2020-01-15 16:26:18"
205,1,49,"2020-01-15 17:48:44","2020-01-15 17:49:43"
206,1,62,"2020-01-15 03:43:24","2020-01-15 03:44:58"
207,1,68,"2020-01-15 11:54:00","2020-01-15 11:54:24"
208,1,69,"2020-01-15 23:45:23","2020-01-15 23:46:05"
209,1,27,"2020-01-15 19:19:31","2020-01-15 19:20:57"
210,1,47,"2020-01-15 06:55:51","2020-01-15 06:56:21"
211,1,2,"2020-01-16 20:26:40","2020-01-16 20:31:58"
212,1,8,"2020-01-16 03:51:54","2020-01-16 03:54:24"
213,1,13,"2020-01-16 06:47:52","2020-01-16 06:47:55"
214,1,15,"2020-01-16 06:07:37","2020-01-16 06:09:38"
215,1,20,"2020-01-16 15:46:11","2020-01-16 15:47:01"
216,1,23,"2020-01-16 21:55:11","2020-01-16 21:55:42"
217,1,24,"2020-01-16 07:33:59","2020-01-16 07:35:05"
218,1,27,"2020-01-16 20:45:11","2020-01-16 20:45:33"
219,1,28,"2020-01-16 04:57:40","2020-01-16 04:58:02"
220,1,31,"2020-01-16 12:00:56","2020-01-16 12:05:24"
221,1,33,"2020-01-16 12:17:32","2020-01-16 12:20:01"
222,1,34,"2020-01-16 23:52:21","2020-01-16 23:55:41"
223,1,37,"2020-01-16 01:31:51","2020-01-16 01:32:29"
224,1,39,"2020-01-16 17:41:12","2020-01-16 17:42:43"
225,1,42,"2020-01-16 04:06:53","2020-01-16 04:09:33"
226,1,43,"2020-01-16 14:10:19","2020-01-16 14:11:33"
227,1,47,"2020-01-16 11:22:17","2020-01-16 11:23:37"
228,1,49,"2020-01-16 18:38:34","2020-01-16 18:39:36"
229,1,51,"2020-01-16 10:10:18","2020-01-16 10:10:41"
230,1,57,"2020-01-16 09:25:43","2020-01-16 09:28:03"
231,1,59,"2020-01-16 15:55:39","2020-01-16 15:55:53"
232,1,60,"2020-01-16 16:20:14","2020-01-16 16:22:00"
233,1,62,"2020-01-16 09:28:50","2020-01-16 09:29:23"
234,1,68,"2020-01-16 14:57:36","2020-01-16 14:59:56"
235,1,69,"2020-01-16 04:36:23","2020-01-16 04:38:13"
236,1,71,"2020-01-16 02:07:56","2020-01-16 02:08:47"
237,1,72,"2020-01-16 00:55:20","2020-01-16 00:56:36"
238,1,73,"2020-01-16 13:10:11","2020-01-16 13:11:36"
239,1,27,"2020-01-16 15:58:13","2020-01-16 16:01:18"
240,1,27,"2020-01-16 19:57:43","2020-01-16 19:58:13"
241,1,69,"2020-01-16 00:55:46","2020-01-16 00:56:56"
242,1,0,"2020-01-17 11:22:11","2020-01-17 11:24:31"
243,1,6,"2020-01-17 00:51:03","2020-01-17 00:54:02"
244,1,9,"2020-01-17 08:59:35","2020-01-17 08:59:38"
245,1,11,"2020-01-17 19:10:11","2020-01-17 19:12:04"
246,1,18,"2020-01-17 14:50:48","2020-01-17 14:54:12"
247,1,24,"2020-01-17 10:36:01","2020-01-17 10:38:52"
248,1,26,"2020-01-17 08:59:10","2020-01-17 09:00:31"
249,1,27,"2020-01-17 13:16:18","2020-01-17 13:18:42"
250,1,31,"2020-01-17 19:37:51","2020-01-17 19:40:20"
251,1,34,"2020-01-17 07:35:53","2020-01-17 07:38:59"
252,1,35,"2020-01-17 14:40:03","2020-01-17 14:40:57"
253,1,36,"2020-01-17 17:12:01","2020-01-17 17:12:50"
254,1,38,"2020-01-17 07:58:05","2020-01-17 07:59:08"
255,1,40,"2020-01-17 21:09:33","2020-01-17 21:13:35"
256,1,44,"2020-01-17 00:43:08","2020-01-17 00:43:24"
257,1,51,"2020-01-17 15:53:43","2020-01-17 15:57:03"
258,1,52,"2020-01-17 15:52:38","2020-01-17 15:53:51"
259,1,53,"2020-01-17 18:09:30","2020-01-17 18:09:50"
260,1,57,"2020-01-17 07:58:18","2020-01-17 07:58:31"
261,1,64,"2020-01-17 04:34:33","2020-01-17 04:34:57"
262,1,68,"2020-01-17 18:27:45","2020-01-17 18:30:10"
263,1,40,"2020-01-17 13:26:07","2020-01-17 13:27:51"
264,1,2,"2020-01-18 05:17:47","2020-01-18 05:18:42"
265,1,18,"2020-01-18 15:23:09","2020-01-18 15:24:57"
266,1,23,"2020-01-18 05:39:30","2020-01-18 05:41:53"
267,1,31,"2020-01-18 22:08:42","2020-01-18 22:09:44"
268,1,33,"2020-01-18 05:51:46","2020-01-18 05:52:25"
269,1,34,"2020-01-18 00:46:24","2020-01-18 00:46:36"
270,1,41,"2020-01-18 10:48:22","2020-01-18 10:51:34"
271,1,42,"2020-01-18 19:11:14","2020-01-18 19:14:05"
272,1,51,"2020-01-18 15:07:12","2020-01-18 15:08:58"
273,1,52,"2020-01-18 00:31:41","2020-01-18 00:33:38"
274,1,58,"2020-01-18 22:04:23","2020-01-18 22:06:39"
275,1,59,"2020-01-18 17:25:30","2020-01-18 17:27:29"
276,1,60,"2020-01-18 02:09:14","2020-01-18 02:09:55"
277,1,69,"2020-01-18 06:31:32","2020-01-18 06:35:07"
278,1,72,"2020-01-18 23:49:07","2020-01-18 23:50:03"
279,1,74,"2020-01-18 03:49:05","2020-01-18 03:49:50"
280,1,75,"2020-01-18 12:55:06","2020-01-18 12:56:34"
281,1,76,"2020-01-18 00:02:33","2020-01-18 00:04:09"
282,1,77,"2020-01-18 23:56:52","2020-01-18 23:57:36"
283,1,78,"2020-01-18 03:50:22","2020-01-18 03:51:03"
284,1,79,"2020-01-18 16:35:30","2020-01-18 16:36:22"
285,1,80,"2020-01-18 17:16:18","2020-01-18 17:17:07"
286,1,81,"2020-01-18 21:29:18","2020-01-18 21:29:56"
287,1,82,"2020-01-18 18:48:53","2020-01-18 18:50:39"
288,1,83,"2020-01-18 00:53:47","2020-01-18 00:54:19"
289,1,84,"2020-01-18 13:33:29","2020-01-18 13:35:11"
290,1,85,"2020-01-18 19:24:04","2020-01-18 19:24:46"
291,1,86,"2020-01-18 06:44:29","2020-01-18 06:45:26"
292,1,87,"2020-01-18 05:43:17","2020-01-18 05:45:04"
293,1,88,"2020-01-18 22:39:02","2020-01-18 22:40:20"
294,1,89,"2020-01-18 13:22:07","2020-01-18 13:23:18"
295,1,90,"2020-01-18 14:33:34","2020-01-18 14:34:06"
296,1,91,"2020-01-18 22:32:49","2020-01-18 22:33:40"
297,1,92,"2020-01-18 14:48:00","2020-01-18 14:48:33"
298,1,93,"2020-01-18 19:01:44","2020-01-18 19:02:48"
299,1,94,"2020-01-18 19:34:39","2020-01-18 19:35:54"
300,1,95,"2020-01-18 16:50:41","2020-01-18 16:50:42"
301,1,96,"2020-01-18 13:07:26","2020-01-18 13:09:22"
302,1,97,"2020-01-18 03:13:56","2020-01-18 03:15:39"
303,1,98,"2020-01-18 10:34:15","2020-01-18 10:34:53"
304,1,99,"2020-01-18 06:38:45","2020-01-18 06:39:33"
305,1,100,"2020-01-18 00:37:14","2020-01-18 00:38:25"
306,1,101,"2020-01-18 18:04:56","2020-01-18 18:05:46"
307,1,102,"2020-01-18 04:59:36","2020-01-18 05:00:32"
308,1,103,"2020-01-18 14:42:53","2020-01-18 14:43:11"
309,1,104,"2020-01-18 17:45:25","2020-01-18 17:45:38"
310,1,105,"2020-01-18 09:03:36","2020-01-18 09:05:26"
311,1,106,"2020-01-18 07:59:23","2020-01-18 08:00:56"
312,1,107,"2020-01-18 23:27:16","2020-01-18 23:28:38"
313,1,108,"2020-01-18 15:44:31","2020-01-18 15:45:53"
314,1,109,"2020-01-18 18:55:18","2020-01-18 18:55:49"
315,1,110,"2020-01-18 22:11:32","2020-01-18 22:12:35"
316,1,111,"2020-01-18 17:15:07","2020-01-18 17:16:59"
317,1,112,"2020-01-18 18:40:43","2020-01-18 18:40:45"
318,1,113,"2020-01-18 23:51:12","2020-01-18 23:51:18"
319,1,114,"2020-01-18 07:05:09","2020-01-18 07:06:58"
320,1,115,"2020-01-18 03:35:45","2020-01-18 03:35:46"
321,1,116,"2020-01-18 15:58:03","2020-01-18 15:58:21"
322,1,117,"2020-01-18 01:22:24","2020-01-18 01:24:23"
323,1,118,"2020-01-18 08:31:04","2020-01-18 08:31:37"
324,1,119,"2020-01-18 15:43:36","2020-01-18 15:45:28"
325,1,120,"2020-01-18 23:35:09","2020-01-18 23:35:24"
326,1,121,"2020-01-18 20:22:40","2020-01-18 20:23:22"
327,1,122,"2020-01-18 23:44:34","2020-01-18 23:46:31"
328,1,123,"2020-01-18 03:54:05","2020-01-18 03:55:00"
329,1,51,"2020-01-18 20:45:48","2020-01-18 20:46:17"
330,1,116,"2020-01-18 14:21:24","2020-01-18 14:22:30"
331,1,2,"2020-01-19 10:40:38","2020-01-19 10:44:54"
332,1,3,"2020-01-19 00:15:41","2020-01-19 00:19:37"
333,1,8,"2020-01-19 10:26:11","2020-01-19 10:26:15"
334,1,10,"2020-01-19 04:52:18","2020-01-19 04:52:37"
335,1,20,"2020-01-19 17:47:09","2020-01-19 17:49:29"
336,1,24,"2020-01-19 09:12:31","2020-01-19 09:15:11"
337,1,31,"2020-01-19 13:43:03","2020-01-19 13:45:16"
338,1,34,"2020-01-19 21:05:06","2020-01-19 21:05:47"
339,1,40,"2020-01-19 20:09:18","2020-01-19 20:09:48"
340,1,47,"2020-01-19 00:09:22","2020-01-19 00:09:51"
341,1,48,"2020-01-19 02:26:19","2020-01-19 02:26:49"
342,1,49,"2020-01-19 22:22:07","2020-01-19 22:24:07"
343,1,51,"2020-01-19 14:40:57","2020-01-19 14:42:53"
344,1,54,"2020-01-19 18:26:56","2020-01-19 18:28:19"
345,1,57,"2020-01-19 03:53:04","2020-01-19 03:55:47"
346,1,64,"2020-01-19 07:09:01","2020-01-19 07:14:42"
347,1,68,"2020-01-19 16:33:49","2020-01-19 16:36:10"
348,1,72,"2020-01-19 09:50:50","2020-01-19 09:52:15"
349,1,77,"2020-01-19 13:38:51","2020-01-19 13:39:33"
350,1,79,"2020-01-19 05:02:09","2020-01-19 05:03:40"
351,1,90,"2020-01-19 20:54:31","2020-01-19 20:57:44"
352,1,91,"2020-01-19 05:52:37","2020-01-19 05:53:42"
353,1,94,"2020-01-19 11:38:04","2020-01-19 11:38:11"
354,1,97,"2020-01-19 15:49:21","2020-01-19 15:50:13"
355,1,105,"2020-01-19 20:05:58","2020-01-19 20:06:17"
356,1,112,"2020-01-19 02:58:06","2020-01-19 02:59:18"
357,1,121,"2020-01-19 00:12:41","2020-01-19 00:13:51"
358,1,124,"2020-01-19 15:29:52","2020-01-19 15:31:00"
359,1,34,"2020-01-19 23:15:12","2020-01-19 23:15:53"
360,1,0,"2020-01-20 07:38:19","2020-01-20 07:39:07"
361,1,17,"2020-01-20 22:05:58","2020-01-20 22:06:48"
362,1,21,"2020-01-20 10:13:01","2020-01-20 10:18:25"
363,1,23,"2020-01-20 23:45:25","2020-01-20 23:47:53"
364,1,24,"2020-01-20 15:20:31","2020-01-20 15:27:05"
365,1,27,"2020-01-20 12:10:14","2020-01-20 12:14:48"
366,1,39,"2020-01-20 01:35:30","2020-01-20 01:38:28"
367,1,42,"2020-01-20 16:50:32","2020-01-20 16:57:42"
368,1,43,"2020-01-20 06:29:05","2020-01-20 06:30:05"
369,1,47,"2020-01-20 08:41:00","2020-01-20 08:44:35"
370,1,48,"2020-01-20 03:31:38","2020-01-20 03:32:30"
371,1,49,"2020-01-20 15:51:11","2020-01-20 15:52:23"
372,1,51,"2020-01-20 19:25:00","2020-01-20 19:29:07"
373,1,52,"2020-01-20 23:06:21","2020-01-20 23:08:07"
374,1,60,"2020-01-20 06:38:25","2020-01-20 06:41:44"
375,1,62,"2020-01-20 07:14:32","2020-01-20 07:16:00"
376,1,68,"2020-01-20 21:41:48","2020-01-20 21:45:40"
377,1,86,"2020-01-20 02:22:12","2020-01-20 02:24:00"
378,1,91,"2020-01-20 23:02:21","2020-01-20 23:04:41"
379,1,94,"2020-01-20 11:34:44","2020-01-20 11:35:41"
380,1,105,"2020-01-20 20:10:52","2020-01-20 20:11:58"
381,1,109,"2020-01-20 16:03:14","2020-01-20 16:04:12"
382,1,115,"2020-01-20 16:00:16","2020-01-20 16:01:54"
383,1,116,"2020-01-20 00:09:44","2020-01-20 00:10:23"
384,1,120,"2020-01-20 02:50:24","2020-01-20 02:51:02"
385,1,123,"2020-01-20 08:56:50","2020-01-20 08:58:19"
386,1,125,"2020-01-20 20:49:57","2020-01-20 20:51:24"
387,1,94,"2020-01-20 21:08:54","2020-01-20 21:10:22"
388,1,2,"2020-01-21 01:23:40","2020-01-21 01:25:13"
389,1,4,"2020-01-21 01:27:12","2020-01-21 01:27:47"
390,1,8,"2020-01-21 16:09:03","2020-01-21 16:10:37"
391,1,11,"2020-01-21 01:07:32","2020-01-21 01:09:59"
392,1,14,"2020-01-21 17:53:44","2020-01-21 17:56:29"
393,1,17,"2020-01-21 11:21:55","2020-01-21 11:24:14"
394,1,18,"2020-01-21 00:17:05","2020-01-21 00:18:25"
395,1,20,"2020-01-21 01:09:20","2020-01-21 01:12:39"
396,1,21,"2020-01-21 04:49:51","2020-01-21 04:51:27"
397,1,27,"2020-01-21 12:15:08","2020-01-21 12:15:15"
398,1,31,"2020-01-21 11:36:29","2020-01-21 11:38:05"
399,1,34,"2020-01-21 20:47:59","2020-01-21 20:49:19"
400,1,38,"2020-01-21 20:40:05","2020-01-21 20:40:15"
401,1,42,"2020-01-21 18:05:38","2020-01-21 18:15:37"
402,1,43,"2020-01-21 02:18:09","2020-01-21 02:20:24"
403,1,44,"2020-01-21 07:30:52","2020-01-21 07:35:21"
404,1,47,"2020-01-21 12:07:18","2020-01-21 12:11:22"
405,1,51,"2020-01-21 04:34:06","2020-01-21 04:35:48"
406,1,52,"2020-01-21 18:56:07","2020-01-21 18:56:23"
407,1,53,"2020-01-21 13:55:56","2020-01-21 13:58:36"
408,1,57,"2020-01-21 09:01:36","2020-01-21 09:02:47"
409,1,59,"2020-01-21 18:36:51","2020-01-21 18:37:56"
410,1,60,"2020-01-21 15:21:39","2020-01-21 15:24:46"
411,1,62,"2020-01-21 16:11:13","2020-01-21 16:16:48"
412,1,68,"2020-01-21 01:34:53","2020-01-21 01:36:32"
413,1,69,"2020-01-21 07:29:50","2020-01-21 07:32:40"
414,1,72,"2020-01-21 11:33:03","2020-01-21 11:33:24"
415,1,80,"2020-01-21 16:53:05","2020-01-21 16:53:53"
416,1,84,"2020-01-21 02:05:24","2020-01-21 02:06:03"
417,1,88,"2020-01-21 08:37:41","2020-01-21 08:37:52"
418,1,94,"2020-01-21 00:31:08","2020-01-21 00:32:55"
419,1,97,"2020-01-21 11:26:43","2020-01-21 11:27:29"
420,1,105,"2020-01-21 14:54:14","2020-01-21 14:57:58"
421,1,111,"2020-01-21 21:12:37","2020-01-21 21:13:11"
422,1,112,"2020-01-21 01:53:57","2020-01-21 01:56:03"
423,1,115,"2020-01-21 09:35:13","2020-01-21 09:38:59"
424,1,116,"2020-01-21 13:27:27","2020-01-21 13:27:33"
425,1,120,"2020-01-21 07:38:06","2020-01-21 07:39:33"
426,1,123,"2020-01-21 16:02:51","2020-01-21 16:05:33"
427,1,124,"2020-01-21 13:45:56","2020-01-21 13:46:28"
428,1,126,"2020-01-21 23:31:15","2020-01-21 23:31:51"
429,1,127,"2020-01-21 00:12:45","2020-01-21 00:13:36"
430,1,11,"2020-01-21 20:06:30","2020-01-21 20:07:29"
431,1,51,"2020-01-21 18:29:50","2020-01-21 18:32:34"
432,1,51,"2020-01-21 10:36:02","2020-01-21 10:37:11"
433,1,105,"2020-01-21 07:47:48","2020-01-21 07:51:02"
434,1,0,"2020-01-22 19:52:00","2020-01-22 19:52:27"
435,1,1,"2020-01-22 14:23:36","2020-01-22 14:24:30"
436,1,3,"2020-01-22 16:23:59","2020-01-22 16:27:40"
437,1,17,"2020-01-22 17:55:11","2020-01-22 17:59:35"
438,1,18,"2020-01-22 04:34:28","2020-01-22 04:36:29"
439,1,20,"2020-01-22 11:40:14","2020-01-22 11:42:19"
440,1,23,"2020-01-22 21:46:49","2020-01-22 21:49:39"
441,1,26,"2020-01-22 02:55:46","2020-01-22 02:56:47"
442,1,34,"2020-01-22 19:28:24","2020-01-22 19:31:28"
443,1,38,"2020-01-22 17:42:52","2020-01-22 17:43:35"
444,1,42,"2020-01-22 09:38:48","2020-01-22 09:41:42"
445,1,43,"2020-01-22 16:34:11","2020-01-22 16:37:12"
446,1,49,"2020-01-22 23:36:27","2020-01-22 23:38:44"
447,1,51,"2020-01-22 06:12:24","2020-01-22 06:15:52"
448,1,57,"2020-01-22 13:43:26","2020-01-22 13:46:39"
449,1,58,"2020-01-22 04:10:23","2020-01-22 04:12:18"
450,1,67,"2020-01-22 13:01:58","2020-01-22 13:03:40"
451,1,79,"2020-01-22 17:41:21","2020-01-22 17:43:00"
452,1,90,"2020-01-22 10:18:05","2020-01-22 10:20:53"
453,1,94,"2020-01-22 13:31:44","2020-01-22 13:33:28"
454,1,104,"2020-01-22 17:30:19","2020-01-22 17:31:29"
455,1,110,"2020-01-22 04:57:32","2020-01-22 04:59:06"
456,1,114,"2020-01-22 14:12:53","2020-01-22 14:12:57"
457,1,115,"2020-01-22 11:10:23","2020-01-22 11:14:03"
458,1,116,"2020-01-22 07:36:12","2020-01-22 07:37:53"
459,1,119,"2020-01-22 16:45:08","2020-01-22 16:45:38"
460,1,121,"2020-01-22 14:04:04","2020-01-22 14:07:26"
461,1,122,"2020-01-22 05:53:21","2020-01-22 05:54:01"
462,1,123,"2020-01-22 12:07:34","2020-01-22 12:09:54"
463,1,51,"2020-01-22 07:31:17","2020-01-22 07:32:51"
464,1,79,"2020-01-22 14:05:40","2020-01-22 14:07:02"
465,1,90,"2020-01-22 05:57:11","2020-01-22 06:00:37"
466,1,2,"2020-01-23 04:15:15","2020-01-23 04:18:43"
467,1,3,"2020-01-23 16:44:54","2020-01-23 16:48:59"
468,1,6,"2020-01-23 17:01:45","2020-01-23 17:02:19"
469,1,8,"2020-01-23 00:32:21","2020-01-23 00:33:50"
470,1,17,"2020-01-23 11:55:41","2020-01-23 11:57:25"
471,1,21,"2020-01-23 05:04:13","2020-01-23 05:06:07"
472,1,23,"2020-01-23 07:23:27","2020-01-23 07:24:39"
473,1,24,"2020-01-23 09:38:35","2020-01-23 09:42:12"
474,1,26,"2020-01-23 04:48:59","2020-01-23 04:51:12"
475,1,27,"2020-01-23 10:12:21","2020-01-23 10:16:10"
476,1,30,"2020-01-23 16:32:21","2020-01-23 16:33:10"
477,1,31,"2020-01-23 02:33:22","2020-01-23 02:35:59"
478,1,37,"2020-01-23 14:48:26","2020-01-23 14:49:58"
479,1,40,"2020-01-23 00:46:28","2020-01-23 00:48:34"
480,1,41,"2020-01-23 15:18:16","2020-01-23 15:20:51"
481,1,42,"2020-01-23 15:54:37","2020-01-23 16:02:36"
482,1,47,"2020-01-23 00:51:55","2020-01-23 00:54:42"
483,1,49,"2020-01-23 06:46:19","2020-01-23 06:51:17"
484,1,52,"2020-01-23 15:27:06","2020-01-23 15:27:08"
485,1,62,"2020-01-23 18:45:29","2020-01-23 18:45:36"
486,1,63,"2020-01-23 13:29:32","2020-01-23 13:30:11"
487,1,64,"2020-01-23 00:23:29","2020-01-23 00:27:25"
488,1,72,"2020-01-23 06:30:45","2020-01-23 06:32:34"
489,1,79,"2020-01-23 12:46:39","2020-01-23 12:47:54"
490,1,83,"2020-01-23 19:23:34","2020-01-23 19:23:47"
491,1,86,"2020-01-23 21:04:13","2020-01-23 21:05:02"
492,1,87,"2020-01-23 08:16:33","2020-01-23 08:18:22"
493,1,88,"2020-01-23 22:07:45","2020-01-23 22:08:33"
494,1,94,"2020-01-23 18:36:10","2020-01-23 18:36:51"
495,1,100,"2020-01-23 13:19:07","2020-01-23 13:20:02"
496,1,102,"2020-01-23 05:12:16","2020-01-23 05:12:31"
497,1,104,"2020-01-23 13:30:17","2020-01-23 13:30:33"
498,1,105,"2020-01-23 19:07:26","2020-01-23 19:09:59"
499,1,110,"2020-01-23 04:07:30","2020-01-23 04:10:10"
500,1,116,"2020-01-23 22:57:29","2020-01-23 22:59:02"
501,1,122,"2020-01-23 07:10:55","2020-01-23 07:11:18"
502,1,124,"2020-01-23 06:28:48","2020-01-23 06:30:44"
503,1,125,"2020-01-23 11:18:40","2020-01-23 11:19:03"
504,1,2,"2020-01-23 08:06:47","2020-01-23 08:12:58"
505,1,52,"2020-01-23 22:55:44","2020-01-23 22:56:09"
506,1,0,"2020-01-24 14:28:14","2020-01-24 14:30:19"
507,1,2,"2020-01-24 00:26:14","2020-01-24 00:31:10"
508,1,11,"2020-01-24 23:15:18","2020-01-24 23:18:10"
509,1,17,"2020-01-24 05:55:42","2020-01-24 05:58:20"
510,1,18,"2020-01-24 06:21:47","2020-01-24 06:23:01"
511,1,20,"2020-01-24 18:52:43","2020-01-24 18:54:52"
512,1,23,"2020-01-24 15:22:43","2020-01-24 15:25:20"
513,1,25,"2020-01-24 08:42:36","2020-01-24 08:43:54"
514,1,26,"2020-01-24 16:04:10","2020-01-24 16:06:18"
515,1,31,"2020-01-24 20:10:47","2020-01-24 20:17:17"
516,1,35,"2020-01-24 17:20:27","2020-01-24 17:21:11"
517,1,36,"2020-01-24 11:41:09","2020-01-24 11:42:32"
518,1,42,"2020-01-24 03:37:47","2020-01-24 03:49:15"
519,1,43,"2020-01-24 04:33:43","2020-01-24 04:35:03"
520,1,44,"2020-01-24 09:02:52","2020-01-24 09:05:31"
521,1,47,"2020-01-24 15:36:13","2020-01-24 15:36:47"
522,1,49,"2020-01-24 02:17:39","2020-01-24 02:22:43"
523,1,57,"2020-01-24 08:32:55","2020-01-24 08:36:39"
524,1,58,"2020-01-24 03:55:18","2020-01-24 03:57:13"
525,1,59,"2020-01-24 00:51:51","2020-01-24 00:52:38"
526,1,62,"2020-01-24 09:49:03","2020-01-24 09:50:07"
527,1,63,"2020-01-24 00:13:29","2020-01-24 00:14:08"
528,1,64,"2020-01-24 17:35:50","2020-01-24 17:36:06"
529,1,68,"2020-01-24 14:51:44","2020-01-24 14:51:51"
530,1,74,"2020-01-24 10:10:24","2020-01-24 10:10:50"
531,1,75,"2020-01-24 04:50:01","2020-01-24 04:51:08"
532,1,79,"2020-01-24 04:28:55","2020-01-24 04:34:02"
533,1,80,"2020-01-24 13:19:33","2020-01-24 13:20:20"
534,1,86,"2020-01-24 04:35:45","2020-01-24 04:36:31"
535,1,87,"2020-01-24 05:28:01","2020-01-24 05:28:29"
536,1,90,"2020-01-24 20:32:56","2020-01-24 20:35:24"
537,1,91,"2020-01-24 12:28:01","2020-01-24 12:30:44"
538,1,95,"2020-01-24 08:10:35","2020-01-24 08:11:28"
539,1,97,"2020-01-24 17:51:52","2020-01-24 17:52:33"
540,1,104,"2020-01-24 06:56:55","2020-01-24 07:00:29"
541,1,109,"2020-01-24 10:24:37","2020-01-24 10:25:59"
542,1,111,"2020-01-24 02:46:40","2020-01-24 02:47:21"
543,1,115,"2020-01-24 18:46:19","2020-01-24 18:48:34"
544,1,116,"2020-01-24 14:00:35","2020-01-24 14:01:54"
545,1,123,"2020-01-24 21:52:19","2020-01-24 21:54:13"
546,1,124,"2020-01-24 21:25:26","2020-01-24 21:28:05"
547,1,126,"2020-01-24 07:35:47","2020-01-24 07:36:04"
548,1,127,"2020-01-24 21:29:37","2020-01-24 21:29:55"
549,1,128,"2020-01-24 08:33:03","2020-01-24 08:34:16"
550,1,80,"2020-01-24 05:28:36","2020-01-24 05:29:14"
551,1,128,"2020-01-24 21:29:54","2020-01-24 21:31:27"
552,1,2,"2020-01-25 04:32:25","2020-01-25 04:35:39"
553,1,14,"2020-01-25 03:26:33","2020-01-25 03:28:38"
554,1,20,"2020-01-25 13:28:36","2020-01-25 13:31:30"
555,1,34,"2020-01-25 22:53:54","2020-01-25 22:59:01"
556,1,35,"2020-01-25 10:14:09","2020-01-25 10:15:07"
557,1,39,"2020-01-25 21:01:20","2020-01-25 21:06:20"
558,1,43,"2020-01-25 22:59:20","2020-01-25 23:00:14"
559,1,47,"2020-01-25 20:14:58","2020-01-25 20:16:20"
560,1,51,"2020-01-25 04:52:54","2020-01-25 04:58:56"
561,1,58,"2020-01-25 07:13:15","2020-01-25 07:13:58"
562,1,60,"2020-01-25 11:53:34","2020-01-25 11:57:47"
563,1,62,"2020-01-25 09:51:14","2020-01-25 09:51:58"
564,1,64,"2020-01-25 23:16:39","2020-01-25 23:19:24"
565,1,74,"2020-01-25 15:15:16","2020-01-25 15:16:08"
566,1,79,"2020-01-25 05:22:31","2020-01-25 05:28:36"
567,1,91,"2020-01-25 14:58:47","2020-01-25 15:01:32"
568,1,94,"2020-01-25 11:11:46","2020-01-25 11:12:50"
569,1,95,"2020-01-25 21:50:14","2020-01-25 21:50:46"
570,1,96,"2020-01-25 14:24:05","2020-01-25 14:24:30"
571,1,99,"2020-01-25 13:12:47","2020-01-25 13:13:32"
572,1,105,"2020-01-25 17:40:21","2020-01-25 17:41:20"
573,1,111,"2020-01-25 17:31:58","2020-01-25 17:32:08"
574,1,115,"2020-01-25 03:44:31","2020-01-25 03:50:19"
575,1,116,"2020-01-25 23:33:21","2020-01-25 23:34:28"
576,1,117,"2020-01-25 21:37:32","2020-01-25 21:37:37"
577,1,121,"2020-01-25 03:49:06","2020-01-25 03:52:45"
578,1,124,"2020-01-25 11:19:32","2020-01-25 11:21:11"
579,1,125,"2020-01-25 15:51:15","2020-01-25 15:52:12"
580,1,127,"2020-01-25 21:38:10","2020-01-25 21:38:49"
581,1,2,"2020-01-26 10:05:49","2020-01-26 10:13:46"
582,1,4,"2020-01-26 18:35:21","2020-01-26 18:35:49"
583,1,6,"2020-01-26 02:03:55","2020-01-26 02:04:49"
584,1,17,"2020-01-26 13:15:26","2020-01-26 13:18:35"
585,1,20,"2020-01-26 17:43:49","2020-01-26 17:46:31"
586,1,23,"2020-01-26 22:34:32","2020-01-26 22:37:21"
587,1,25,"2020-01-26 15:00:41","2020-01-26 15:02:07"
588,1,27,"2020-01-26 22:11:19","2020-01-26 22:16:04"
589,1,28,"2020-01-26 02:23:41","2020-01-26 02:25:00"
590,1,29,"2020-01-26 20:19:52","2020-01-26 20:28:07"
591,1,30,"2020-01-26 13:46:56","2020-01-26 13:47:39"
592,1,37,"2020-01-26 02:57:34","2020-01-26 02:59:45"
593,1,41,"2020-01-26 04:40:37","2020-01-26 04:41:41"
594,1,42,"2020-01-26 23:53:01","2020-01-26 23:56:19"
595,1,47,"2020-01-26 12:55:15","2020-01-26 12:57:41"
596,1,49,"2020-01-26 12:01:55","2020-01-26 12:03:06"
597,1,55,"2020-01-26 05:01:31","2020-01-26 05:02:16"
598,1,57,"2020-01-26 09:35:55","2020-01-26 09:38:23"
599,1,58,"2020-01-26 09:05:31","2020-01-26 09:09:19"
600,1,59,"2020-01-26 04:31:18","2020-01-26 04:32:31"
601,1,60,"2020-01-26 18:54:02","2020-01-26 18:55:58"
602,1,67,"2020-01-26 00:43:25","2020-01-26 00:44:46"
603,1,68,"2020-01-26 09:20:23","2020-01-26 09:24:07"
604,1,69,"2020-01-26 13:11:19","2020-01-26 13:11:41"
605,1,72,"2020-01-26 01:00:39","2020-01-26 01:00:55"
606,1,79,"2020-01-26 20:34:16","2020-01-26 20:35:56"
607,1,83,"2020-01-26 03:22:09","2020-01-26 03:23:03"
608,1,84,"2020-01-26 18:49:40","2020-01-26 18:51:24"
609,1,87,"2020-01-26 04:54:52","2020-01-26 04:59:43"
610,1,90,"2020-01-26 03:03:16","2020-01-26 03:07:36"
611,1,100,"2020-01-26 04:28:48","2020-01-26 04:28:59"
612,1,105,"2020-01-26 05:47:02","2020-01-26 05:50:39"
613,1,110,"2020-01-26 19:31:15","2020-01-26 19:35:13"
614,1,111,"2020-01-26 08:04:53","2020-01-26 08:05:36"
615,1,112,"2020-01-26 23:02:25","2020-01-26 23:03:34"
616,1,114,"2020-01-26 17:34:08","2020-01-26 17:35:42"
617,1,115,"2020-01-26 13:59:53","2020-01-26 14:02:39"
618,1,116,"2020-01-26 13:01:31","2020-01-26 13:04:42"
619,1,119,"2020-01-26 12:29:33","2020-01-26 12:31:02"
620,1,123,"2020-01-26 10:37:46","2020-01-26 10:42:01"
621,1,128,"2020-01-26 01:02:37","2020-01-26 01:04:16"
622,1,129,"2020-01-26 05:28:57","2020-01-26 05:29:08"
623,1,130,"2020-01-26 15:50:11","2020-01-26 15:51:11"
624,1,131,"2020-01-26 11:39:25","2020-01-26 11:39:30"
625,1,132,"2020-01-26 21:15:55","2020-01-26 21:16:57"
626,1,116,"2020-01-26 18:11:52","2020-01-26 18:12:39"
627,1,0,"2020-01-27 22:20:14","2020-01-27 22:22:09"
628,1,2,"2020-01-27 22:02:58","2020-01-27 22:06:55"
629,1,3,"2020-01-27 00:00:09","2020-01-27 00:03:24"
630,1,9,"2020-01-27 10:47:53","2020-01-27 10:48:05"
631,1,15,"2020-01-27 04:22:15","2020-01-27 04:23:49"
632,1,18,"2020-01-27 09:32:47","2020-01-27 09:33:13"
633,1,20,"2020-01-27 21:04:54","2020-01-27 21:07:43"
634,1,21,"2020-01-27 14:20:25","2020-01-27 14:23:28"
635,1,24,"2020-01-27 06:17:49","2020-01-27 06:19:33"
636,1,31,"2020-01-27 03:54:57","2020-01-27 03:56:47"
637,1,34,"2020-01-27 03:48:52","2020-01-27 03:52:50"
638,1,36,"2020-01-27 03:41:53","2020-01-27 03:43:17"
639,1,42,"2020-01-27 19:49:28","2020-01-27 19:53:34"
640,1,49,"2020-01-27 00:13:37","2020-01-27 00:16:31"
641,1,51,"2020-01-27 19:57:01","2020-01-27 20:00:16"
642,1,57,"2020-01-27 12:43:38","2020-01-27 12:47:50"
643,1,59,"2020-01-27 16:57:15","2020-01-27 17:00:10"
644,1,60,"2020-01-27 17:19:15","2020-01-27 17:21:33"
645,1,62,"2020-01-27 14:43:50","2020-01-27 14:44:48"
646,1,64,"2020-01-27 00:49:30","2020-01-27 00:51:00"
647,1,68,"2020-01-27 06:02:14","2020-01-27 06:05:58"
648,1,73,"2020-01-27 12:04:25","2020-01-27 12:04:45"
649,1,79,"2020-01-27 16:58:48","2020-01-27 16:59:01"
650,1,80,"2020-01-27 18:10:46","2020-01-27 18:11:33"
651,1,86,"2020-01-27 19:18:43","2020-01-27 19:21:42"
652,1,87,"2020-01-27 17:20:43","2020-01-27 17:22:00"
653,1,97,"2020-01-27 21:36:09","2020-01-27 21:37:58"
654,1,110,"2020-01-27 14:45:27","2020-01-27 14:50:15"
655,1,111,"2020-01-27 18:49:34","2020-01-27 18:51:22"
656,1,114,"2020-01-27 12:03:04","2020-01-27 12:06:08"
657,1,115,"2020-01-27 21:25:59","2020-01-27 21:28:16"
658,1,116,"2020-01-27 18:15:45","2020-01-27 18:17:08"
659,1,119,"2020-01-27 23:12:28","2020-01-27 23:12:41"
660,1,121,"2020-01-27 11:06:03","2020-01-27 11:11:18"
661,1,123,"2020-01-27 04:26:58","2020-01-27 04:29:28"
662,1,124,"2020-01-27 18:24:47","2020-01-27 18:30:06"
663,1,129,"2020-01-27 17:41:35","2020-01-27 17:42:25"
664,1,130,"2020-01-27 00:15:33","2020-01-27 00:15:37"
665,1,131,"2020-01-27 03:16:00","2020-01-27 03:16:54"
666,1,132,"2020-01-27 21:09:52","2020-01-27 21:10:18"
667,1,133,"2020-01-27 23:03:25","2020-01-27 23:03:38"
668,1,134,"2020-01-27 18:59:43","2020-01-27 19:00:50"
669,1,135,"2020-01-27 15:36:25","2020-01-27 15:37:06"
670,1,115,"2020-01-27 07:38:37","2020-01-27 07:42:41"
671,1,4,"2020-01-28 13:35:51","2020-01-28 13:37:04"
672,1,6,"2020-01-28 21:24:05","2020-01-28 21:24:40"
673,1,18,"2020-01-28 23:08:51","2020-01-28 23:12:43"
674,1,20,"2020-01-28 12:12:41","2020-01-28 12:16:20"
675,1,23,"2020-01-28 16:48:01","2020-01-28 16:54:47"
676,1,26,"2020-01-28 23:28:26","2020-01-28 23:31:56"
677,1,28,"2020-01-28 02:50:49","2020-01-28 02:51:56"
678,1,31,"2020-01-28 00:49:24","2020-01-28 00:56:26"
679,1,33,"2020-01-28 06:57:45","2020-01-28 06:59:13"
680,1,34,"2020-01-28 14:31:18","2020-01-28 14:34:55"
681,1,41,"2020-01-28 02:21:47","2020-01-28 02:24:54"
682,1,42,"2020-01-28 07:29:39","2020-01-28 07:34:11"
683,1,44,"2020-01-28 07:04:29","2020-01-28 07:05:00"
684,1,47,"2020-01-28 01:30:59","2020-01-28 01:32:35"
685,1,49,"2020-01-28 21:07:25","2020-01-28 21:09:15"
686,1,55,"2020-01-28 17:03:40","2020-01-28 17:04:24"
687,1,57,"2020-01-28 18:47:57","2020-01-28 18:50:51"
688,1,60,"2020-01-28 09:48:29","2020-01-28 09:50:34"
689,1,64,"2020-01-28 23:13:20","2020-01-28 23:18:30"
690,1,69,"2020-01-28 18:12:10","2020-01-28 18:14:05"
691,1,72,"2020-01-28 07:05:18","2020-01-28 07:06:04"
692,1,76,"2020-01-28 16:50:24","2020-01-28 16:51:46"
693,1,79,"2020-01-28 23:06:45","2020-01-28 23:07:45"
694,1,91,"2020-01-28 22:17:42","2020-01-28 22:21:25"
695,1,94,"2020-01-28 11:18:14","2020-01-28 11:20:43"
696,1,96,"2020-01-28 05:27:37","2020-01-28 05:27:49"
697,1,97,"2020-01-28 16:48:12","2020-01-28 16:50:16"
698,1,100,"2020-01-28 03:07:31","2020-01-28 03:10:35"
699,1,102,"2020-01-28 03:58:56","2020-01-28 04:00:36"
700,1,103,"2020-01-28 01:51:31","2020-01-28 01:52:33"
701,1,105,"2020-01-28 02:18:43","2020-01-28 02:22:18"
702,1,109,"2020-01-28 02:18:12","2020-01-28 02:18:23"
703,1,111,"2020-01-28 05:50:31","2020-01-28 05:51:25"
704,1,112,"2020-01-28 21:29:17","2020-01-28 21:29:59"
705,1,115,"2020-01-28 14:20:55","2020-01-28 14:23:59"
706,1,127,"2020-01-28 05:42:20","2020-01-28 05:44:50"
707,1,129,"2020-01-28 02:58:58","2020-01-28 03:00:44"
708,1,130,"2020-01-28 03:37:11","2020-01-28 03:38:50"
709,1,131,"2020-01-28 15:59:18","2020-01-28 16:00:50"
710,1,136,"2020-01-28 19:25:26","2020-01-28 19:26:02"
711,1,137,"2020-01-28 16:18:58","2020-01-28 16:20:38"
712,1,138,"2020-01-28 20:50:09","2020-01-28 20:51:10"
713,1,20,"2020-01-28 15:50:21","2020-01-28 15:51:26"
714,1,26,"2020-01-28 02:42:27","2020-01-28 02:43:57"
715,1,102,"2020-01-28 01:13:51","2020-01-28 01:16:08"
716,1,8,"2020-01-29 07:07:36","2020-01-29 07:08:00"
717,1,11,"2020-01-29 15:50:47","2020-01-29 15:53:36"
718,1,14,"2020-01-29 18:48:28","2020-01-29 18:53:47"
719,1,17,"2020-01-29 21:47:16","2020-01-29 21:49:04"
720,1,18,"2020-01-29 23:17:47","2020-01-29 23:19:49"
721,1,21,"2020-01-29 06:48:36","2020-01-29 06:51:21"
722,1,24,"2020-01-29 06:10:13","2020-01-29 06:12:22"
723,1,25,"2020-01-29 18:15:45","2020-01-29 18:18:42"
724,1,31,"2020-01-29 09:11:38","2020-01-29 09:15:39"
725,1,34,"2020-01-29 03:43:45","2020-01-29 03:45:41"
726,1,40,"2020-01-29 13:24:21","2020-01-29 13:25:57"
727,1,42,"2020-01-29 07:19:55","2020-01-29 07:24:24"
728,1,47,"2020-01-29 07:15:06","2020-01-29 07:16:57"
729,1,52,"2020-01-29 06:41:49","2020-01-29 06:43:45"
730,1,68,"2020-01-29 01:38:31","2020-01-29 01:43:16"
731,1,86,"2020-01-29 07:55:24","2020-01-29 07:55:52"
732,1,90,"2020-01-29 14:26:01","2020-01-29 14:30:17"
733,1,95,"2020-01-29 21:27:39","2020-01-29 21:30:05"
734,1,96,"2020-01-29 08:51:04","2020-01-29 08:51:15"
735,1,97,"2020-01-29 13:49:17","2020-01-29 13:50:05"
736,1,102,"2020-01-29 03:06:51","2020-01-29 03:09:33"
737,1,103,"2020-01-29 15:50:21","2020-01-29 15:50:21"
738,1,110,"2020-01-29 13:43:55","2020-01-29 13:48:18"
739,1,114,"2020-01-29 12:59:43","2020-01-29 13:00:54"
740,1,115,"2020-01-29 18:43:03","2020-01-29 18:43:50"
741,1,116,"2020-01-29 06:01:48","2020-01-29 06:03:42"
742,1,121,"2020-01-29 08:09:11","2020-01-29 08:13:07"
743,1,123,"2020-01-29 00:12:35","2020-01-29 00:16:05"
744,1,124,"2020-01-29 10:45:50","2020-01-29 10:49:15"
745,1,125,"2020-01-29 15:28:08","2020-01-29 15:29:14"
746,1,126,"2020-01-29 02:55:53","2020-01-29 02:56:04"
747,1,131,"2020-01-29 06:03:16","2020-01-29 06:03:23"
748,1,134,"2020-01-29 03:25:49","2020-01-29 03:26:48"
749,1,137,"2020-01-29 23:50:48","2020-01-29 23:51:39"
750,1,138,"2020-01-29 11:35:25","2020-01-29 11:35:55"
751,1,139,"2020-01-29 03:30:12","2020-01-29 03:31:41"
752,1,140,"2020-01-29 19:41:10","2020-01-29 19:42:44"
753,1,141,"2020-01-29 10:32:48","2020-01-29 10:33:42"
754,1,142,"2020-01-29 20:03:12","2020-01-29 20:04:32"
755,1,140,"2020-01-29 09:51:09","2020-01-29 09:52:40"
756,1,13,"2020-01-30 01:42:24","2020-01-30 01:42:48"
757,1,14,"2020-01-30 23:33:18","2020-01-30 23:35:59"
758,1,15,"2020-01-30 20:29:44","2020-01-30 20:30:40"
759,1,23,"2020-01-30 18:49:54","2020-01-30 18:50:36"
760,1,24,"2020-01-30 05:56:58","2020-01-30 05:58:44"
761,1,25,"2020-01-30 18:00:48","2020-01-30 18:02:50"
762,1,26,"2020-01-30 12:08:40","2020-01-30 12:12:16"
763,1,27,"2020-01-30 00:58:02","2020-01-30 00:59:38"
764,1,28,"2020-01-30 04:22:09","2020-01-30 04:24:55"
765,1,31,"2020-01-30 09:45:51","2020-01-30 09:49:04"
766,1,33,"2020-01-30 02:12:42","2020-01-30 02:14:25"
767,1,34,"2020-01-30 23:59:11","2020-01-31 00:02:42"
768,1,35,"2020-01-30 21:48:39","2020-01-30 21:49:26"
769,1,36,"2020-01-30 06:35:05","2020-01-30 06:36:49"
770,1,57,"2020-01-30 22:44:18","2020-01-30 22:48:42"
771,1,58,"2020-01-30 09:44:29","2020-01-30 09:48:14"
772,1,60,"2020-01-30 06:51:15","2020-01-30 06:53:27"
773,1,63,"2020-01-30 21:11:42","2020-01-30 21:14:52"
774,1,67,"2020-01-30 16:11:50","2020-01-30 16:15:13"
775,1,68,"2020-01-30 04:03:02","2020-01-30 04:05:31"
776,1,69,"2020-01-30 06:06:30","2020-01-30 06:10:13"
777,1,72,"2020-01-30 08:32:52","2020-01-30 08:33:20"
778,1,90,"2020-01-30 08:26:45","2020-01-30 08:28:31"
779,1,94,"2020-01-30 20:33:29","2020-01-30 20:34:46"
780,1,95,"2020-01-30 09:23:43","2020-01-30 09:24:46"
781,1,97,"2020-01-30 07:52:05","2020-01-30 07:52:50"
782,1,100,"2020-01-30 14:14:55","2020-01-30 14:17:55"
783,1,102,"2020-01-30 10:29:38","2020-01-30 10:31:05"
784,1,104,"2020-01-30 12:13:52","2020-01-30 12:15:06"
785,1,105,"2020-01-30 17:42:57","2020-01-30 17:47:04"
786,1,109,"2020-01-30 04:30:21","2020-01-30 04:31:50"
787,1,115,"2020-01-30 05:50:42","2020-01-30 05:53:31"
788,1,116,"2020-01-30 08:27:22","2020-01-30 08:29:10"
789,1,119,"2020-01-30 15:43:51","2020-01-30 15:45:17"
790,1,120,"2020-01-30 17:30:28","2020-01-30 17:31:15"
791,1,121,"2020-01-30 01:56:57","2020-01-30 02:00:57"
792,1,123,"2020-01-30 03:30:16","2020-01-30 03:31:57"
793,1,127,"2020-01-30 16:40:36","2020-01-30 16:43:45"
794,1,128,"2020-01-30 05:43:46","2020-01-30 05:43:53"
795,1,131,"2020-01-30 04:59:00","2020-01-30 04:59:14"
796,1,132,"2020-01-30 15:15:22","2020-01-30 15:15:50"
797,1,133,"2020-01-30 10:30:28","2020-01-30 10:30:33"
798,1,134,"2020-01-30 10:42:21","2020-01-30 10:44:33"
799,1,138,"2020-01-30 19:34:08","2020-01-30 19:34:56"
800,1,140,"2020-01-30 08:15:19","2020-01-30 08:16:28"
801,1,0,"2020-01-31 03:58:36","2020-01-31 04:04:36"
802,1,1,"2020-01-31 14:53:57","2020-01-31 14:55:04"
803,1,2,"2020-01-31 18:29:48","2020-01-31 18:31:46"
804,1,3,"2020-01-31 08:47:48","2020-01-31 08:52:25"
805,1,6,"2020-01-31 18:20:38","2020-01-31 18:22:27"
806,1,17,"2020-01-31 23:22:53","2020-01-31 23:27:02"
807,1,21,"2020-01-31 10:45:29","2020-01-31 10:47:43"
808,1,23,"2020-01-31 18:58:53","2020-01-31 19:01:36"
809,1,27,"2020-01-31 15:17:22","2020-01-31 15:20:01"
810,1,29,"2020-01-31 20:46:38","2020-01-31 20:49:14"
811,1,31,"2020-01-31 20:18:27","2020-01-31 20:20:16"
812,1,33,"2020-01-31 21:58:01","2020-01-31 21:59:38"
813,1,36,"2020-01-31 14:05:32","2020-01-31 14:07:00"
814,1,49,"2020-01-31 02:58:11","2020-01-31 03:03:41"
815,1,53,"2020-01-31 07:33:06","2020-01-31 07:33:12"
816,1,57,"2020-01-31 22:25:44","2020-01-31 22:31:45"
817,1,58,"2020-01-31 11:00:12","2020-01-31 11:01:53"
818,1,60,"2020-01-31 22:18:38","2020-01-31 22:19:08"
819,1,68,"2020-01-31 05:25:02","2020-01-31 05:30:37"
820,1,76,"2020-01-31 07:15:16","2020-01-31 07:16:19"
821,1,79,"2020-01-31 00:07:55","2020-01-31 00:07:59"
822,1,86,"2020-01-31 14:04:01","2020-01-31 14:06:41"
823,1,91,"2020-01-31 06:01:28","2020-01-31 06:04:45"
824,1,94,"2020-01-31 05:48:29","2020-01-31 05:50:04"
825,1,96,"2020-01-31 03:19:45","2020-01-31 03:21:04"
826,1,97,"2020-01-31 13:46:33","2020-01-31 13:49:11"
827,1,100,"2020-01-31 17:18:36","2020-01-31 17:20:44"
828,1,104,"2020-01-31 22:46:46","2020-01-31 22:47:08"
829,1,111,"2020-01-31 19:29:49","2020-01-31 19:32:16"
830,1,112,"2020-01-31 18:07:18","2020-01-31 18:10:54"
831,1,114,"2020-01-31 11:14:32","2020-01-31 11:18:53"
832,1,124,"2020-01-31 14:19:07","2020-01-31 14:20:52"
833,1,126,"2020-01-31 06:16:54","2020-01-31 06:17:31"
834,1,128,"2020-01-31 04:49:11","2020-01-31 04:52:02"
835,1,130,"2020-01-31 17:53:09","2020-01-31 17:56:17"
836,1,142,"2020-01-31 02:07:27","2020-01-31 02:08:17"
837,1,143,"2020-01-31 19:16:54","2020-01-31 19:18:07"
838,1,144,"2020-01-31 00:46:08","2020-01-31 00:47:42"
839,1,145,"2020-01-31 15:23:39","2020-01-31 15:25:31"
840,1,146,"2020-01-31 10:39:07","2020-01-31 10:40:18"
841,1,147,"2020-01-31 04:15:41","2020-01-31 04:17:09"
842,1,148,"2020-01-31 09:09:39","2020-01-31 09:11:20"
843,1,149,"2020-01-31 12:21:41","2020-01-31 12:21:51"
844,1,150,"2020-01-31 17:08:56","2020-01-31 17:09:08"
845,1,151,"2020-01-31 15:40:39","2020-01-31 15:41:21"
846,1,152,"2020-01-31 20:29:27","2020-01-31 20:30:54"
847,1,86,"2020-01-31 19:42:09","2020-01-31 19:43:04"
848,1,144,"2020-01-31 22:23:44","2020-01-31 22:24:34"
849,1,3,"2020-02-01 22:29:49","2020-02-01 22:31:34"
850,1,6,"2020-02-01 23:42:59","2020-02-01 23:46:10"
851,1,10,"2020-02-01 19:00:43","2020-02-01 19:01:03"
852,1,11,"2020-02-01 17:20:50","2020-02-01 17:24:31"
853,1,15,"2020-02-01 14:43:46","2020-02-01 14:46:21"
854,1,18,"2020-02-01 22:44:57","2020-02-01 22:48:13"
855,1,20,"2020-02-01 09:16:57","2020-02-01 09:18:51"
856,1,23,"2020-02-01 10:18:39","2020-02-01 10:22:51"
857,1,24,"2020-02-01 18:13:45","2020-02-01 18:17:49"
858,1,29,"2020-02-01 02:58:10","2020-02-01 02:59:44"
859,1,30,"2020-02-01 00:17:04","2020-02-01 00:17:30"
860,1,31,"2020-02-01 07:45:38","2020-02-01 07:49:08"
861,1,35,"2020-02-01 03:55:44","2020-02-01 03:55:56"
862,1,39,"2020-02-01 06:06:30","2020-02-01 06:11:13"
863,1,41,"2020-02-01 02:32:09","2020-02-01 02:35:40"
864,1,43,"2020-02-01 07:19:28","2020-02-01 07:22:03"
865,1,47,"2020-02-01 22:28:57","2020-02-01 22:30:49"
866,1,49,"2020-02-01 11:26:11","2020-02-01 11:28:29"
867,1,51,"2020-02-01 18:57:56","2020-02-01 19:00:54"
868,1,53,"2020-02-01 19:31:31","2020-02-01 19:32:26"
869,1,57,"2020-02-01 14:18:42","2020-02-01 14:21:15"
870,1,58,"2020-02-01 20:47:18","2020-02-01 20:52:03"
871,1,62,"2020-02-01 03:10:44","2020-02-01 03:15:47"
872,1,63,"2020-02-01 02:40:57","2020-02-01 02:41:23"
873,1,67,"2020-02-01 09:12:35","2020-02-01 09:13:16"
874,1,69,"2020-02-01 09:18:37","2020-02-01 09:21:18"
875,1,79,"2020-02-01 12:47:53","2020-02-01 12:52:28"
876,1,80,"2020-02-01 05:54:58","2020-02-01 06:00:36"
877,1,84,"2020-02-01 07:47:16","2020-02-01 07:47:42"
878,1,87,"2020-02-01 18:30:36","2020-02-01 18:31:00"
879,1,88,"2020-02-01 08:41:04","2020-02-01 08:41:49"
880,1,94,"2020-02-01 04:25:41","2020-02-01 04:28:02"
881,1,97,"2020-02-01 16:00:14","2020-02-01 16:03:33"
882,1,99,"2020-02-01 07:17:39","2020-02-01 07:17:47"
883,1,100,"2020-02-01 06:38:00","2020-02-01 06:39:04"
884,1,104,"2020-02-01 10:27:04","2020-02-01 10:28:05"
885,1,105,"2020-02-01 04:20:11","2020-02-01 04:25:55"
886,1,110,"2020-02-01 21:52:06","2020-02-01 21:56:04"
887,1,114,"2020-02-01 12:12:59","2020-02-01 12:15:41"
888,1,116,"2020-02-01 17:14:04","2020-02-01 17:15:23"
889,1,117,"2020-02-01 01:04:21","2020-02-01 01:05:29"
890,1,120,"2020-02-01 05:09:00","2020-02-01 05:09:12"
891,1,121,"2020-02-01 22:31:39","2020-02-01 22:34:40"
892,1,124,"2020-02-01 16:08:14","2020-02-01 16:09:49"
893,1,127,"2020-02-01 10:59:42","2020-02-01 11:02:04"
894,1,129,"2020-02-01 00:33:58","2020-02-01 00:34:24"
895,1,130,"2020-02-01 16:24:04","2020-02-01 16:28:01"
896,1,140,"2020-02-01 20:29:28","2020-02-01 20:29:48"
897,1,143,"2020-02-01 05:48:10","2020-02-01 05:48:33"
898,1,147,"2020-02-01 22:22:46","2020-02-01 22:23:03"
899,1,153,"2020-02-01 18:25:38","2020-02-01 18:27:03"
900,1,154,"2020-02-01 23:13:28","2020-02-01 23:14:58"
901,1,155,"2020-02-01 05:31:55","2020-02-01 05:33:29"
902,1,156,"2020-02-01 01:06:28","2020-02-01 01:07:43"
903,1,104,"2020-02-01 00:59:31","2020-02-01 01:01:48"
904,1,110,"2020-02-01 07:56:02","2020-02-01 07:57:45"
905,1,110,"2020-02-01 01:33:32","2020-02-01 01:35:32"
906,1,154,"2020-02-01 04:42:10","2020-02-01 04:43:21"
907,1,5,"2020-02-02 14:22:23","2020-02-02 14:22:47"
908,1,8,"2020-02-02 12:57:51","2020-02-02 12:58:49"
909,1,11,"2020-02-02 12:32:12","2020-02-02 12:35:46"
910,1,14,"2020-02-02 22:20:52","2020-02-02 22:22:38"
911,1,23,"2020-02-02 08:04:54","2020-02-02 08:06:30"
912,1,24,"2020-02-02 02:49:21","2020-02-02 02:52:48"
913,1,25,"2020-02-02 08:48:22","2020-02-02 08:49:23"
914,1,34,"2020-02-02 11:06:09","2020-02-02 11:08:15"
915,1,39,"2020-02-02 09:52:26","2020-02-02 09:56:48"
916,1,42,"2020-02-02 17:07:05","2020-02-02 17:14:57"
917,1,44,"2020-02-02 12:56:25","2020-02-02 12:58:02"
918,1,47,"2020-02-02 15:11:12","2020-02-02 15:11:37"
919,1,49,"2020-02-02 10:21:58","2020-02-02 10:26:40"
920,1,51,"2020-02-02 06:02:19","2020-02-02 06:04:09"
921,1,52,"2020-02-02 18:48:00","2020-02-02 18:51:03"
922,1,55,"2020-02-02 15:35:27","2020-02-02 15:35:55"
923,1,59,"2020-02-02 05:40:28","2020-02-02 05:42:49"
924,1,60,"2020-02-02 01:17:33","2020-02-02 01:20:31"
925,1,62,"2020-02-02 22:08:48","2020-02-02 22:09:34"
926,1,68,"2020-02-02 07:19:54","2020-02-02 07:22:48"
927,1,71,"2020-02-02 14:00:19","2020-02-02 14:00:43"
928,1,76,"2020-02-02 02:25:33","2020-02-02 02:28:49"
929,1,77,"2020-02-02 14:35:32","2020-02-02 14:36:02"
930,1,80,"2020-02-02 00:36:54","2020-02-02 00:37:15"
931,1,82,"2020-02-02 20:36:18","2020-02-02 20:37:21"
932,1,84,"2020-02-02 06:16:06","2020-02-02 06:19:19"
933,1,87,"2020-02-02 16:24:41","2020-02-02 16:26:30"
934,1,89,"2020-02-02 16:18:51","2020-02-02 16:19:44"
935,1,91,"2020-02-02 18:58:35","2020-02-02 19:01:41"
936,1,94,"2020-02-02 20:01:46","2020-02-02 20:04:16"
937,1,95,"2020-02-02 09:05:46","2020-02-02 09:08:00"
938,1,97,"2020-02-02 02:28:17","2020-02-02 02:29:33"
939,1,104,"2020-02-02 05:00:02","2020-02-02 05:00:27"
940,1,105,"2020-02-02 02:14:23","2020-02-02 02:16:26"
941,1,114,"2020-02-02 08:36:42","2020-02-02 08:39:37"
942,1,116,"2020-02-02 09:48:02","2020-02-02 09:48:48"
943,1,120,"2020-02-02 18:16:17","2020-02-02 18:16:36"
944,1,121,"2020-02-02 06:29:11","2020-02-02 06:29:58"
945,1,124,"2020-02-02 12:54:35","2020-02-02 12:55:22"
946,1,127,"2020-02-02 14:08:51","2020-02-02 14:11:22"
947,1,130,"2020-02-02 08:46:20","2020-02-02 08:47:53"
948,1,131,"2020-02-02 07:16:06","2020-02-02 07:18:48"
949,1,144,"2020-02-02 14:28:49","2020-02-02 14:29:28"
950,1,145,"2020-02-02 15:34:56","2020-02-02 15:35:32"
951,1,153,"2020-02-02 00:34:25","2020-02-02 00:34:32"
952,1,154,"2020-02-02 07:14:44","2020-02-02 07:15:08"
953,1,155,"2020-02-02 19:08:04","2020-02-02 19:08:58"
954,1,157,"2020-02-02 17:21:08","2020-02-02 17:21:52"
955,1,158,"2020-02-02 06:54:03","2020-02-02 06:55:11"
956,1,159,"2020-02-02 15:40:12","2020-02-02 15:41:52"
957,1,68,"2020-02-02 15:49:46","2020-02-02 15:51:29"
958,1,0,"2020-02-03 11:37:31","2020-02-03 11:40:30"
959,1,1,"2020-02-03 08:45:13","2020-02-03 08:46:17"
960,1,6,"2020-02-03 09:11:07","2020-02-03 09:12:44"
961,1,11,"2020-02-03 22:22:15","2020-02-03 22:24:17"
962,1,18,"2020-02-03 00:11:53","2020-02-03 00:13:50"
963,1,20,"2020-02-03 14:28:07","2020-02-03 14:30:13"
964,1,21,"2020-02-03 12:49:39","2020-02-03 12:50:13"
965,1,23,"2020-02-03 03:29:56","2020-02-03 03:34:07"
966,1,26,"2020-02-03 14:59:19","2020-02-03 15:00:03"
967,1,27,"2020-02-03 23:18:11","2020-02-03 23:21:48"
968,1,29,"2020-02-03 17:07:28","2020-02-03 17:10:51"
969,1,30,"2020-02-03 08:31:35","2020-02-03 08:32:02"
970,1,31,"2020-02-03 16:27:28","2020-02-03 16:28:21"
971,1,33,"2020-02-03 15:38:24","2020-02-03 15:39:23"
972,1,34,"2020-02-03 09:05:37","2020-02-03 09:05:59"
973,1,36,"2020-02-03 06:00:28","2020-02-03 06:00:58"
974,1,37,"2020-02-03 12:11:06","2020-02-03 12:11:31"
975,1,42,"2020-02-03 20:41:08","2020-02-03 20:52:25"
976,1,43,"2020-02-03 01:32:40","2020-02-03 01:34:43"
977,1,49,"2020-02-03 17:01:29","2020-02-03 17:07:19"
978,1,51,"2020-02-03 20:21:28","2020-02-03 20:23:38"
979,1,52,"2020-02-03 02:20:13","2020-02-03 02:23:21"
980,1,53,"2020-02-03 19:27:44","2020-02-03 19:27:50"
981,1,58,"2020-02-03 10:08:43","2020-02-03 10:12:48"
982,1,59,"2020-02-03 15:16:55","2020-02-03 15:18:24"
983,1,63,"2020-02-03 23:52:50","2020-02-03 23:55:18"
984,1,73,"2020-02-03 05:53:57","2020-02-03 05:55:32"
985,1,86,"2020-02-03 05:51:51","2020-02-03 05:52:35"
986,1,94,"2020-02-03 11:48:33","2020-02-03 11:52:47"
987,1,95,"2020-02-03 22:15:19","2020-02-03 22:17:09"
988,1,96,"2020-02-03 01:06:39","2020-02-03 01:08:06"
989,1,104,"2020-02-03 11:33:34","2020-02-03 11:34:30"
990,1,105,"2020-02-03 05:37:07","2020-02-03 05:38:52"
991,1,112,"2020-02-03 04:55:45","2020-02-03 04:58:43"
992,1,115,"2020-02-03 06:52:23","2020-02-03 06:54:20"
993,1,116,"2020-02-03 02:28:28","2020-02-03 02:29:49"
994,1,119,"2020-02-03 16:56:19","2020-02-03 16:56:41"
995,1,121,"2020-02-03 09:03:05","2020-02-03 09:06:22"
996,1,123,"2020-02-03 00:06:07","2020-02-03 00:11:31"
997,1,124,"2020-02-03 06:08:32","2020-02-03 06:13:08"
998,1,127,"2020-02-03 09:17:39","2020-02-03 09:20:45"
999,1,128,"2020-02-03 23:38:32","2020-02-03 23:40:18"
